season,completions,attempts,passing_yards,passing_tds,passing_air_yards,passing_yards_after_catch,passing_2pt_conversions,carries,rushing_yards,rushing_tds,rushing_fumbles,rushing_fumbles_lost,rushing_first_downs,rushing_epa,rushing_2pt_conversions,receptions,targets,receiving_yards,receiving_tds,receiving_fumbles,receiving_fumbles_lost,receiving_air_yards,receiving_yards_after_catch,receiving_first_downs,receiving_epa,receiving_2pt_conversions,pacr,racr,target_share,air_yards_share,wopr_x,games,tgt_sh,ay_sh,yac_sh,wopr_y,ry_sh,rtd_sh,rfd_sh,rtdfd_sh,dom,w8dom,yptmpa,ppr_sh,age
2021,0,1,0.0,0,14.0,0.0,0,0,0.0,0,0.0,0.0,0.0,0.0,0,24,38,248.0,3,1.0,0.0,321.0,105.0,10.0,-0.11861581991929171,1,0.0,6.979436273690746,1.1841794503610772,1.169489012442154,2.5949114842511234,8,0.14615384615384616,0.1558252427184466,0.13444302176696543,0.3438909634055265,0.14019219898247598,0.2727272727272727,0.13157894736842105,0.14942528735632185,0.20645973585487434,0.16669921373143534,0.9538461538461539,0.111496450912391,36
2021,0,0,0.0,0,0.0,0.0,0,1,4.0,0,0.0,0.0,0.0,0.003352722618728876,0,20,34,454.0,2,1.0,1.0,647.0,175.0,12.0,11.046789813728537,0,0.0,10.298019522198787,1.0111582805675803,2.1339702964201113,3.010516628345448,14,0.06910569105691057,0.15317234848484848,0.09531590413943355,0.22619641537324464,0.11502406891309856,0.08,0.06382978723404255,0.06572769953051644,0.09751203445654928,0.10801925513047886,0.9227642276422764,0.058574431256182,35
2021,0,0,0.0,0,0.0,0.0,0,2,31.0,0,0.0,0.0,2.0,2.025341064610984,0,42,72,626.0,4,0.0,0.0,1077.0,85.0,31.0,25.777480036758913,0,0.0,10.59797690838941,1.9957457676766774,3.4014869204364953,5.374659495820563,14,0.13114754098360656,0.24466151749204906,0.05523066926575698,0.3924505254690491,0.1619244697361614,0.12903225806451613,0.15422885572139303,0.15086206896551724,0.14547836390033875,0.15534602740183237,1.1402550091074681,0.091716924105464,34
2021,0,0,0.0,0,0.0,0.0,0,3,19.0,0,0.0,0.0,0.0,0.760434927069582,0,1,2,35.0,0,0.0,0.0,29.0,16.0,1.0,-0.8368861800990999,0,0.0,1.206896551724138,0.07142857142857142,0.11553784860557768,0.1880193511667615,5,0.011235955056179775,0.023500810372771474,0.021220159151193633,0.03565458088248684,0.024339360222531293,0.0,0.013888888888888888,0.012048192771084338,0.012169680111265646,0.019471488178025034,0.19662921348314608,0.02288160614112784,33
2021,0,0,0.0,0,0.0,0.0,0,1,6.0,0,0.0,0.0,0.0,0.308483928674832,0,42,62,545.0,4,0.0,0.0,734.0,190.0,29.0,33.95373083089263,0,0.0,5.257426073877827,1.6163659903950889,2.13600970526062,3.9197557792750675,7,0.20945945945945946,0.2655571635311143,0.18269230769230768,0.5266349200140806,0.23542116630669546,0.2,0.23387096774193547,0.22916666666666666,0.21771058315334774,0.22833693304535638,1.8412162162162162,0.14860719106638853,33
2021,0,0,0.0,0,0.0,0.0,0,0,0.0,0,0.0,0.0,0.0,0.0,0,54,92,848.0,3,0.0,0.0,1109.0,181.0,37.0,29.420385656513346,0,0.0,12.32139607765746,2.637033525216123,4.302691044699089,6.967434019113547,16,0.16312056737588654,0.25832750989983694,0.08676893576222436,0.45134285898369936,0.1955268618860964,0.11538461538461539,0.18226600985221675,0.17467248908296942,0.1554557386353559,0.1794984125858002,1.50354609929078,0.10170063173734256,33
2021,0,0,0.0,0,0.0,0.0,0,0,0.0,0,0.0,0.0,0.0,0.0,0,31,48,434.0,1,0.0,0.0,579.0,112.0,19.0,15.380997685733824,0,0.0,9.54805154552669,1.573468660968661,2.4068775343204414,4.0450172654773,10,0.15384615384615385,0.24399494310998734,0.11336032388663968,0.42596518525722066,0.19409660107334525,0.08333333333333333,0.16521739130434782,0.15748031496062992,0.13871496720333928,0.17194394752534287,1.391025641025641,0.09544839376023934,32
2021,0,0,0.0,0,0.0,0.0,0,1,1.0,0,0.0,0.0,0.0,-0.46127630572300404,0,28,39,375.0,5,0.0,0.0,307.0,138.0,21.0,21.414158601906966,0,0.0,13.942394888086737,1.1400074717081359,1.0916694930670092,2.47417985270911,11,0.09974424552429667,0.0963288358958268,0.08801020408163265,0.22667943700310644,0.12750765045902754,0.22727272727272727,0.14583333333333334,0.1566265060240964,0.1773901888658774,0.14746066582176748,0.959079283887468,0.09332838705898433,31
2021,0,0,0.0,0,0.0,0.0,0,0,0.0,0,0.0,0.0,0.0,0.0,0,4,8,41.0,1,0.0,0.0,49.0,13.0,2.0,0.032242007087916136,0,0.0,10.363636363636363,0.35549450549450545,0.23896249216163978,0.7005155027549061,5,0.06666666666666667,0.0457089552238806,0.03258145363408521,0.13656716417910447,0.04535398230088496,0.08333333333333333,0.043478260869565216,0.05172413793103448,0.06434365781710914,0.052949852507374634,0.3416666666666667,0.03503453759379814,34
2021,0,1,0.0,0,19.0,0.0,0,0,0.0,0,0.0,0.0,0.0,0.0,0,82,112,693.0,1,1.0,0.0,630.0,305.0,34.0,5.137129305082187,1,0.0,28.944481890557235,2.9472603204445234,2.073978501991205,5.872675432060628,16,0.18421052631578946,0.12490087232355274,0.1901496259351621,0.37623648733252635,0.1675531914893617,0.030303030303030304,0.1574074074074074,0.14056224899598393,0.098928110896196,0.14010315925209543,1.1398026315789473,0.1004958552556872,32
2021,0,0,0.0,0,0.0,0.0,0,0,0.0,0,0.0,0.0,0.0,0.0,0,0,5,0.0,0,0.0,0.0,141.0,0.0,0.0,-9.597965894034132,0,0.0,0.0,0.16541988416988418,0.48698444412730124,0.589018937143937,3,0.04854368932038835,0.1540983606557377,0.0,0.1960942225051727,0.0,0.0,0.0,0.0,0.0,0.0,0.0,0.0,32
2021,0,0,0.0,0,0.0,0.0,0,0,0.0,0,0.0,0.0,0.0,0.0,0,73,120,832.0,4,0.0,0.0,1422.0,132.0,42.0,25.553950244378097,0,0.0,10.879411410703662,3.5223477289330947,5.218533041763272,8.936494722633933,17,0.1986754966887417,0.2988022693843244,0.08053691275167785,0.5370550605405721,0.22645617855198694,0.3333333333333333,0.23595505617977527,0.24210526315789474,0.2798947559426601,0.24783160950825622,1.3774834437086092,0.14857444387645727,31
2021,0,0,0.0,0,0.0,0.0,0,0,0.0,0,0.0,0.0,0.0,0.0,0,23,37,331.0,3,0.0,0.0,476.0,71.0,15.0,20.310024556005374,0,0.0,11.879993375669224,1.3444107560887835,2.121506245438719,3.501670505940278,10,0.1289198606271777,0.2016949152542373,0.09594594594594595,0.35473572314415636,0.18196811434854315,0.2,0.17857142857142858,0.18181818181818182,0.19098405717427158,0.18557449147883454,1.1533101045296168,0.09139572746558786,32
2021,0,0,0.0,0,0.0,0.0,0,0,0.0,0,0.0,0.0,0.0,0.0,0,15,24,177.0,0,0.0,0.0,227.0,44.0,12.0,12.058742377809109,0,0.0,6.491953746504246,0.7321625785012512,0.8934742983085617,1.7236758765678701,8,0.09195402298850575,0.11361361361361362,0.04271844660194175,0.22882192537364954,0.08396584440227704,0.0,0.12244897959183673,0.11009174311926606,0.04198292220113852,0.06717267552182164,0.6781609195402298,0.04673965867185044,32
2021,0,0,0.0,0,0.0,0.0,0,0,0.0,0,0.0,0.0,0.0,0.0,0,5,14,32.0,1,0.0,0.0,153.0,5.0,3.0,-12.496325224316571,0,0.0,3.45,0.4455061864117716,0.6359813795004501,1.1134462452679725,9,0.03888888888888889,0.05955624756714675,0.003711952487008166,0.10597833138705073,0.013876843018213356,0.07692307692307693,0.023622047244094488,0.02857142857142857,0.045399959970645144,0.02648608979918607,0.08888888888888889,0.01718213058419244,30
2021,0,0,0.0,0,0.0,0.0,0,1,2.0,0,0.0,0.0,0.0,-0.1940601826645434,0,67,95,726.0,10,1.0,0.0,903.0,239.0,37.0,23.941869328754557,0,0.0,10.933711930496013,2.6463330606747246,3.477316504769681,6.403621144350863,13,0.19467213114754098,0.24498100922409116,0.1413364872856298,0.4879930041005844,0.19605725087766676,0.38461538461538464,0.2138728323699422,0.23618090452261306,0.2903363177465257,0.23376887762521034,1.4877049180327868,0.15405730499953738,31
2021,0,0,0.0,0,0.0,0.0,0,2,-1.0,0,0.0,0.0,0.0,-1.2417586655938067,0,20,40,313.0,1,1.0,0.0,475.0,83.0,12.0,11.87448647992749,0,0.0,8.655108629454539,1.368573823595146,1.7385908643310926,3.2698743404244834,14,0.09324009324009325,0.12834369089435288,0.06742485783915515,0.24253509257562217,0.10804280289955126,0.09090909090909091,0.0821917808219178,0.08280254777070063,0.09947594690432109,0.1046160605014592,0.7296037296037297,0.05725840357164308,31
2021,0,0,0.0,0,0.0,0.0,0,1,1.0,0,0.0,0.0,0.0,-0.47513718088157475,0,6,23,68.0,1,0.0,0.0,421.0,10.0,4.0,-9.398541503527667,0,0.0,1.70376213592233,0.7573373611483367,1.5249535972990416,2.203473559831834,7,0.10648148148148148,0.2408466819221968,0.012239902080783354,0.35239956775997966,0.04401294498381877,0.08333333333333333,0.05333333333333334,0.05747126436781609,0.06367313915857604,0.05187702265372168,0.3148148148148148,0.034164859002169194,29
2021,0,1,0.0,0,14.0,0.0,1,0,0.0,0,0.0,0.0,0.0,0.0,0,106,157,1138.0,6,1.0,0.0,1310.0,337.0,66.0,31.648160211185925,0,0.0,14.916580521385741,4.110302646741504,4.855718497172692,9.56445691813314,16,0.24416796267496113,0.26993612198640016,0.1485235786690172,0.5822008416015618,0.24013504958852078,0.17142857142857143,0.27385892116182575,0.2608695652173913,0.2057818105085461,0.2263937539565309,1.7698289269051322,0.15221473022920776,29
2021,0,0,0.0,0,0.0,0.0,0,8,46.0,1,0.0,0.0,1.0,1.9396912073134445,0,45,69,556.0,4,0.0,0.0,563.0,198.0,34.0,29.56531766193761,1,0.0,9.41497256872314,1.9589071515701506,1.9122299474569915,4.27692169057512,9,0.2123076923076923,0.20790251107828656,0.15639810426540285,0.48478354732416773,0.20028818443804033,0.17391304347826086,0.24817518248175183,0.2375,0.18710061395815059,0.19501315624608445,1.7107692307692308,0.14271745688310067,29
2021,0,0,0.0,0,0.0,0.0,0,3,21.0,0,0.0,0.0,1.0,1.6055196543456987,0,24,37,213.0,1,0.0,0.0,315.0,59.0,11.0,-9.358064633147572,0,0.0,11.162528593382694,1.1464281104525007,1.1757881260470417,2.5426938539116803,11,0.09462915601023018,0.1075085324232082,0.05184534270650264,0.22795055995391184,0.08626974483596597,0.2,0.0873015873015873,0.0916030534351145,0.143134872417983,0.10901579586877279,0.5447570332480819,0.06888011763795372,31
2021,0,0,0.0,0,0.0,0.0,0,0,0.0,0,0.0,0.0,0.0,0.0,0,42,64,572.0,8,0.0,0.0,788.0,140.0,32.0,42.37796969614686,0,0.0,8.925950410138704,2.034366827932508,3.322744596837171,5.377471459684781,10,0.2,0.2971342383107089,0.11041009463722397,0.5377073906485672,0.205607476635514,0.42105263157894735,0.25396825396825395,0.27586206896551724,0.3133300541072307,0.2486965076242007,1.7875,0.14552932336773838,29
2021,0,1,0.0,0,18.0,0.0,0,153,618.0,6,1.0,0.0,29.0,-15.485663559607929,0,52,69,548.0,5,0.0,0.0,214.0,385.0,26.0,19.0910259758063,0,0.0,-4.7657231657231645,2.045510090268155,0.74366223374993,3.588828699027183,16,0.12754158964879853,0.054273395891453205,0.23053892215568864,0.23473110118636037,0.1431183076521285,0.25,0.13756613756613756,0.14832535885167464,0.19655915382606426,0.16449464612170278,1.0129390018484288,0.18646277103071152,30
2021,0,0,0.0,0,0.0,0.0,0,0,0.0,0,0.0,0.0,0.0,0.0,0,4,8,38.0,0,0.0,0.0,67.0,12.0,3.0,-4.782851389725693,0,0.0,4.545454545454545,0.24282251984838193,0.25260255600322723,0.541055568974832,7,0.03076923076923077,0.029606716747680072,0.01485148514851485,0.06983921955199021,0.020127118644067795,0.0,0.039473684210526314,0.03529411764705882,0.010063559322033898,0.016101694915254237,0.14615384615384616,0.013128660876590589,29
2021,0,1,0.0,0,5.0,0.0,0,4,17.0,0,0.0,0.0,1.0,-0.7126807951135561,0,25,39,213.0,0,0.0,0.0,210.0,143.0,10.0,-5.400652059959029,0,0.0,10.88855852685902,1.1064503726795498,0.7645487965952671,2.1948597166360115,10,0.10803324099722991,0.08018327605956473,0.13883495145631067,0.22619648234349665,0.08736669401148482,0.0,0.08,0.07246376811594203,0.04368334700574241,0.06989335520918787,0.590027700831025,0.0582934589881227,29
2021,0,0,0.0,0,0.0,0.0,0,0,0.0,0,0.0,0.0,0.0,0.0,0,0,3,0.0,0,0.0,0.0,93.0,0.0,0.0,-5.6706744490657,0,0.0,0.0,0.09730691056910569,0.43288123634950787,0.4489772312983141,3,0.03,0.12109375,0.0,0.141875,0.0,0.0,0.0,0.0,0.0,0.0,0.0,0.0,31
2021,0,0,0.0,0,0.0,0.0,0,2,14.0,0,0.0,0.0,1.0,0.46597651159390807,0,44,82,537.0,5,0.0,0.0,1092.0,151.0,27.0,9.278478546044834,0,0.0,7.570607872977802,2.4896439240919217,3.714189645125371,6.334398637725642,14,0.1733615221987315,0.26608187134502925,0.09654731457800511,0.4729077803741207,0.15400057355893318,0.20833333333333334,0.16666666666666666,0.17204301075268819,0.18116695344613326,0.16486712551381322,1.135306553911205,0.10329818047976444,29
2021,0,0,0.0,0,0.0,0.0,0,2,21.0,0,0.0,0.0,1.0,0.8301585712470114,0,90,134,1037.0,6,0.0,0.0,1423.0,344.0,45.0,24.50105738538634,0,0.0,12.673416050367416,4.35361048534085,6.3857109386125765,11.000413385040078,16,0.2581888246628131,0.3756599788806758,0.21419676214196762,0.6878112200987603,0.3071682464454976,0.3157894736842105,0.30405405405405406,0.30538922155688625,0.31147886006485404,0.3088924918932402,1.998073217726397,0.20605543406759472,28
2021,0,0,0.0,0,0.0,0.0,0,0,0.0,0,0.0,0.0,0.0,0.0,0,1,4,-3.0,0,0.0,0.0,9.0,0.0,0.0,-3.410681068256963,0,0.0,0.0,0.13726512226512227,0.04212946551656229,0.235388309259277,4,0.032,0.00827966881324747,0.0,0.05462373505059798,-0.003409090909090909,0.0,0.0,0.0,-0.0017045454545454545,-0.0027272727272727275,-0.024,0.0021289537712895377,29
2021,0,0,0.0,0,0.0,0.0,0,0,0.0,0,0.0,0.0,0.0,0.0,0,27,49,394.0,1,1.0,1.0,638.0,99.0,17.0,-1.9972376012962414,0,0.0,6.939631126139643,1.543832775065832,2.1094777811758356,3.7923836094218326,11,0.12596401028277635,0.19061846429638482,0.08691834942932397,0.3414407868612724,0.13961729270021261,0.08333333333333333,0.13076923076923078,0.1267605633802817,0.11147531301677296,0.12836050082683675,1.012853470437018,0.07338072505159583,28
2021,0,0,0.0,0,0.0,0.0,0,0,0.0,0,0.0,0.0,0.0,0.0,0,123,169,1553.0,11,0.0,0.0,1602.0,613.0,84.0,71.96588018300136,0,0.0,17.733517443704297,5.068822851721333,5.922834780054763,11.749218623620335,16,0.3039568345323741,0.3635125936010892,0.2683887915936953,0.7467453266794325,0.35766927683095345,0.2972972972972973,0.37333333333333335,0.36259541984732824,0.3274832870641254,0.34559488092422225,2.7931654676258995,0.21725412991077628,29
2021,0,0,0.0,0,0.0,0.0,0,6,40.0,2,1.0,0.0,4.0,5.013085333448405,0,52,87,570.0,2,1.0,1.0,677.0,286.0,28.0,-13.182096038417802,0,0.0,14.61588888507212,2.9378012287729653,2.953231408618899,6.473963829192677,12,0.2396694214876033,0.23821252638986629,0.23008849557522124,0.550074153343298,0.22565320665083136,0.13333333333333333,0.22764227642276422,0.21739130434782608,0.17949326999208234,0.20718923198733177,1.5702479338842976,0.1412579391210145,29
2021,0,0,0.0,0,0.0,0.0,0,1,10.0,0,0.0,0.0,1.0,0.6375567223876715,0,74,114,1035.0,14,0.0,0.0,1504.0,239.0,56.0,65.69545162617443,0,0.0,12.30155659425663,2.6702531096609188,4.272908267469358,6.996415451719929,16,0.16285714285714287,0.2667612628591699,0.09598393574297188,0.45769472457305027,0.20093185789167153,0.3333333333333333,0.21455938697318008,0.23102310231023102,0.2671325956125024,0.2274121529800039,1.4785714285714286,0.1437222137053503,28
2021,0,0,0.0,0,0.0,0.0,0,0,0.0,0,0.0,0.0,0.0,0.0,0,38,66,410.0,1,0.0,0.0,746.0,101.0,22.0,8.681412072468035,1,0.0,7.3372058283838015,2.3957352932076694,3.2758992497909754,5.886732414665187,12,0.1864406779661017,0.24891558224891558,0.10444674250258532,0.47879348274828504,0.1802990325417766,0.1111111111111111,0.1981981981981982,0.19166666666666668,0.14570507182644385,0.16646144825564352,1.1581920903954803,0.10562610786003934,28
2021,0,0,0.0,0,0.0,0.0,0,0,0.0,0,0.0,0.0,0.0,0.0,0,68,104,865.0,8,1.0,0.0,1142.0,235.0,45.0,48.59326587051843,0,0.0,13.070074995561622,2.7641756857202484,3.851331928762217,6.842195878713924,15,0.1867145421903052,0.2587808746884206,0.11959287531806616,0.4870965130361943,0.19784995425434584,0.21052631578947367,0.20361990950226244,0.20463320463320464,0.20418813502190974,0.20038522656137142,1.5529622980251347,0.12277340576459032,27
2021,0,0,0.0,0,0.0,0.0,0,0,0.0,0,0.0,0.0,0.0,0.0,0,1,5,38.0,0,0.0,0.0,158.0,9.0,1.0,-1.2480545353610069,0,0.0,1.3103448275862069,0.14821428571428572,0.5747345619828841,0.6246356219594474,3,0.045454545454545456,0.19291819291819293,0.024,0.22251637251637252,0.05093833780160858,0.0,0.027777777777777776,0.024390243902439025,0.02546916890080429,0.04075067024128687,0.34545454545454546,0.018487136034509324,29
2021,0,0,0.0,0,0.0,0.0,0,0,0.0,0,0.0,0.0,0.0,0.0,0,40,73,515.0,2,0.0,0.0,856.0,104.0,29.0,24.061896761366867,0,0.0,5.704694701091393,2.1902616801518833,3.2892725189435916,5.587883283488338,9,0.22955974842767296,0.3589098532494759,0.14730878186968838,0.6314675052410901,0.29311326124075127,0.25,0.3020833333333333,0.2980769230769231,0.2715566306203756,0.28449060899260104,1.619496855345912,0.1619515553608312,28
2021,0,0,0.0,0,0.0,0.0,0,3,11.0,0,0.0,0.0,0.0,-0.5019328654743731,0,37,64,473.0,3,0.0,0.0,914.0,104.0,23.0,3.639473476525111,0,0.0,9.488864967413042,2.217822331177594,3.7263559018393604,5.935182628053943,14,0.1419068736141907,0.25213793103448273,0.06388206388206388,0.41457065524887227,0.13422247446083996,0.15,0.14375,0.14444444444444443,0.14211123723041996,0.13737797956867198,1.048780487804878,0.08316175524385536,28
2021,0,0,0.0,0,0.0,0.0,0,0,0.0,0,0.0,0.0,0.0,0.0,0,103,164,1225.0,10,1.0,0.0,1827.0,326.0,66.0,31.989855666641777,0,0.0,11.939804097156946,4.602143666906507,6.005575245547312,11.107118172242878,17,0.250381679389313,0.3411764705882353,0.1861793260993718,0.6485136955545577,0.2752808988764045,0.2777777777777778,0.2796610169491525,0.27941176470588236,0.27652933832709115,0.2757802746566792,1.8702290076335877,0.16730149428655142,28
2021,0,0,0.0,0,0.0,0.0,0,0,0.0,0,0.0,0.0,0.0,0.0,0,2,6,28.0,0,0.0,0.0,86.0,7.0,2.0,-0.4224363178364001,0,0.0,1.643939393939394,0.14869464492559922,0.2656405123831353,0.40899032605659347,4,0.03468208092485549,0.06018194541637509,0.014957264957264958,0.1001686777203833,0.025454545454545455,0.0,0.03076923076923077,0.02666666666666667,0.012727272727272728,0.020363636363636365,0.16184971098265896,0.010921501706484642,29
2021,0,0,0.0,0,0.0,0.0,0,0,0.0,0,0.0,0.0,0.0,0.0,0,26,38,329.0,1,0.0,0.0,325.0,116.0,18.0,7.920832560497477,1,0.0,15.435815882749345,1.0239210558530334,1.1988742203539307,2.3750935380273015,11,0.09405940594059406,0.10634816753926701,0.08814589665653495,0.22616764294230474,0.12382386149793,0.08333333333333333,0.13138686131386862,0.12751677852348994,0.10357859741563166,0.11572575586501066,0.8143564356435643,0.0757147060820752,28
2021,0,0,0.0,0,0.0,0.0,0,0,0.0,0,0.0,0.0,0.0,0.0,0,0,1,0.0,0,0.0,0.0,19.0,0.0,0.0,-4.469863481936045,0,0.0,0.0,0.02,0.045346062052505964,0.06174224343675417,1,0.0196078431372549,0.04611650485436893,0.0,0.0663049685893775,0.0,0.0,0.0,0.0,0.0,0.0,0.0,0.0,29
2021,0,0,0.0,0,0.0,0.0,1,0,0.0,0,0.0,0.0,0.0,0.0,0,51,71,447.0,2,1.0,1.0,448.0,174.0,22.0,6.594944275106749,1,0.0,12.334459799264021,2.007993109161366,1.9951163147283262,4.408571084051878,12,0.16027088036117382,0.145407335280753,0.11033608116677235,0.35673218876636315,0.14924874791318865,0.125,0.14864864864864866,0.14634146341463414,0.13712437395659433,0.14439899833055092,1.0090293453724606,0.11151773914811426,28
2021,0,0,0.0,0,0.0,0.0,0,0,0.0,0,0.0,0.0,0.0,0.0,0,41,62,383.0,0,0.0,0.0,419.0,150.0,23.0,-6.258268998434427,0,0.0,16.911959327970695,1.989545338209255,1.7944176625723651,4.240410371114538,17,0.11272727272727273,0.10174842156386596,0.07903055848261328,0.2504896463420019,0.10224239188467699,0.0,0.1270718232044199,0.11386138613861387,0.05112119594233849,0.0817939135077416,0.6963636363636364,0.05933230580454008,28
2021,0,0,0.0,0,0.0,0.0,0,1,-3.0,0,0.0,0.0,0.0,-0.7378263422288001,0,11,18,167.0,1,0.0,0.0,169.0,102.0,5.0,7.000882647704898,0,0.0,7.458073260999196,0.40652739989807696,0.48902583549518586,0.9521091846937455,5,0.07692307692307693,0.09194776931447225,0.125,0.18894283083619318,0.09355742296918768,0.07142857142857142,0.056818181818181816,0.058823529411764705,0.08249299719887955,0.08913165266106443,0.7136752136752137,0.053577157523259554,28
2021,0,0,0.0,0,0.0,0.0,0,1,3.0,0,0.0,0.0,1.0,0.4300111241172999,0,22,37,323.0,2,1.0,1.0,340.0,126.0,15.0,10.734472966737542,0,0.0,10.804370176588739,1.2742665587230804,1.8428410145489542,3.2013885482688886,14,0.08131868131868132,0.1045510455104551,0.08502024291497975,0.20561885838638608,0.10638998682476944,0.125,0.10869565217391304,0.11038961038961038,0.11569499341238472,0.11011198945981557,0.7098901098901099,0.06358017400889729,29
2021,0,0,0.0,0,0.0,0.0,0,0,0.0,0,0.0,0.0,0.0,0.0,0,2,3,14.0,0,0.0,0.0,13.0,8.0,1.0,0.7994729118198178,0,0.0,1.0769230769230769,0.05357142857142857,0.03724928366762178,0.10643164142447809,1,0.05263157894736842,0.037037037037037035,0.042105263157894736,0.10857699805068226,0.04142011834319527,0.0,0.05263157894736842,0.045454545454545456,0.020710059171597635,0.033136094674556214,0.24561403508771928,0.0244745177080334,29
2021,0,0,0.0,0,0.0,0.0,0,1,0.0,0,0.0,0.0,0.0,-0.5280084691476077,0,7,14,110.0,0,0.0,0.0,210.0,27.0,3.0,-0.9020297382123899,0,0.0,1.8843843843843844,0.44823028673835125,0.9105760775628573,1.309748684401527,5,0.08139534883720931,0.19699812382739212,0.03994082840236687,0.27969152231772765,0.09001636661211129,0.0,0.05263157894736842,0.046875,0.045008183306055646,0.07201309328968904,0.6395348837209303,0.040351506456241026,28
2021,0,0,0.0,0,0.0,0.0,0,2,9.0,0,0.0,0.0,0.0,-0.15522209840128198,0,73,107,1175.0,8,0.0,0.0,1562.0,277.0,41.0,52.56914624355258,1,0.0,14.901420085278772,3.881308294954305,5.971998832839836,10.002361625419343,16,0.23060344827586207,0.37102137767220905,0.16666666666666666,0.6427222745515604,0.3211259907078437,0.26666666666666666,0.2578616352201258,0.25925925925925924,0.2938963286872552,0.3102341258996083,2.5323275862068964,0.1716121877354869,29
2021,0,0,0.0,0,0.0,0.0,0,1,9.0,0,0.0,0.0,0.0,0.7513755353866145,0,30,43,301.0,1,0.0,0.0,323.0,103.0,12.0,2.8218427654397096,0,0.0,14.449402100631609,1.3143934539627817,1.2202383997558859,2.8257570607732925,16,0.08481262327416174,0.08504476040021064,0.0627666057282145,0.19525474323141112,0.08674351585014409,0.047619047619047616,0.06629834254143646,0.06435643564356436,0.06718128173459585,0.07891862220392479,0.5936883629191322,0.049670101564237526,27
2021,0,0,0.0,0,0.0,0.0,0,1,-9.0,0,0.0,0.0,0.0,-1.439722878858447,0,36,53,366.0,1,0.0,0.0,404.0,111.0,19.0,1.8174775529000105,0,0.0,6.460829891582347,1.4363158899923605,1.3777632566685238,3.118908114656507,7,0.20306513409961685,0.2022022022022022,0.16567164179104477,0.4663594629111871,0.2235797189981674,0.16666666666666666,0.24358974358974358,0.23809523809523808,0.19512319283241703,0.21219710853186724,1.4022988505747127,0.14699761625487154,28
2021,0,0,0.0,0,0.0,0.0,0,0,0.0,0,0.0,0.0,0.0,0.0,0,21,22,227.0,2,0.0,0.0,90.0,150.0,6.0,7.926040963793639,0,0.0,16.08800505050505,0.7086263072676116,0.2980422826526721,1.2715690587582877,8,0.0830188679245283,0.04345726702076291,0.17103762827822122,0.15929411550340278,0.11792207792207793,0.16666666666666666,0.07228915662650602,0.08421052631578947,0.1422943722943723,0.12767099567099569,0.8566037735849057,0.0847148288973384,28
2021,0,0,0.0,0,0.0,0.0,0,4,28.0,0,0.0,0.0,2.0,1.4138049385510385,0,48,71,576.0,4,0.0,0.0,725.0,262.0,27.0,17.047283275853175,0,0.0,14.348861983364822,2.2414740949264464,3.804086712007604,6.025071840794992,16,0.12769784172661872,0.20538243626062322,0.13292744799594114,0.3558527115984267,0.1590281612368857,0.19047619047619047,0.14917127071823205,0.15346534653465346,0.17475217585653807,0.16531776708474666,1.0359712230215827,0.10136428363625227,27
2021,0,0,0.0,0,0.0,0.0,0,0,0.0,0,0.0,0.0,0.0,0.0,0,3,4,55.0,0,0.0,0.0,33.0,30.0,2.0,1.9176059016608633,0,0.0,6.558441558441558,0.11145793441367335,0.10144884351747699,0.2382010920827439,4,0.026490066225165563,0.023605150214592276,0.07692307692307693,0.05861921950942217,0.05844845908607864,0.0,0.05263157894736842,0.05128205128205128,0.02922422954303932,0.04675876726886291,0.36423841059602646,0.030759209669248024,29
2021,0,0,0.0,0,0.0,0.0,0,0,0.0,0,0.0,0.0,0.0,0.0,0,0,2,0.0,0,0.0,0.0,20.0,0.0,0.0,-1.2163728820083395,0,0.0,0.0,0.0625,0.14184397163120568,0.19304078014184398,1,0.05405405405405406,0.14184397163120568,0.0,0.19455625838604562,0.0,0.0,0.0,0.0,0.0,0.0,0.0,0.0,27
2021,0,0,0.0,0,0.0,0.0,0,3,36.0,0,0.0,0.0,1.0,2.224925854592584,0,53,110,519.0,5,0.0,0.0,1156.0,158.0,27.0,-28.594330022858593,0,0.0,10.154098182183292,3.104134815537487,4.182035921353724,7.583627368253837,17,0.18363939899833054,0.26124293785310737,0.08667032364234778,0.48445344877998175,0.1452560873215785,0.35714285714285715,0.15517241379310345,0.1702127659574468,0.25119947223221784,0.18763344128583426,0.8664440734557596,0.11219844137327652,28
2021,0,0,0.0,0,0.0,0.0,0,0,0.0,0,0.0,0.0,0.0,0.0,0,25,41,264.0,3,0.0,0.0,427.0,62.0,13.0,9.85642905299566,0,0.0,13.441529824370816,1.041678834002754,1.4621063312238627,2.585992682860835,14,0.0702054794520548,0.09700136301681055,0.026944806605823556,0.18290930959153062,0.06375271673508814,0.1,0.05701754385964912,0.06201550387596899,0.08187635836754407,0.07100217338807052,0.4520547945205479,0.048313887109799225,27
2021,0,0,0.0,0,0.0,0.0,0,0,0.0,0,0.0,0.0,0.0,0.0,0,25,37,230.0,0,0.0,0.0,347.0,69.0,14.0,4.768193417044516,0,0.0,10.02975986633874,1.107528851077238,1.6282512489288625,2.801069150866061,14,0.07535641547861507,0.09684621825286073,0.04775086505190312,0.1905115978202112,0.0674289064790384,0.0,0.08284023668639054,0.07446808510638298,0.0337144532395192,0.053943125183230724,0.4684317718940937,0.0428977425063006,27
2021,0,0,0.0,0,0.0,0.0,0,5,33.0,0,0.0,0.0,2.0,0.943557511724066,0,11,17,132.0,2,1.0,1.0,80.0,103.0,7.0,2.442662993678823,0,0.0,6.863553113553114,0.46430399555399554,0.32056949959687253,0.920854643048804,7,0.06538461538461539,0.04032258064516129,0.1332470892626132,0.13033498759305212,0.07692307692307693,0.2,0.08641975308641975,0.0989010989010989,0.13846153846153847,0.10153846153846155,0.5076923076923077,0.07978138067639938,29
2021,0,0,0.0,0,0.0,0.0,0,0,0.0,0,0.0,0.0,0.0,0.0,0,1,2,7.0,0,0.0,0.0,6.0,11.0,1.0,0.25353055144660175,0,0.0,1.1666666666666667,0.07692307692307693,0.030456852791878174,0.1367044123389301,1,0.07692307692307693,0.030456852791878174,0.1,0.13975009761811794,0.03535353535353535,0.0,0.1,0.09090909090909091,0.017676767676767676,0.028282828282828285,0.2692307692307692,0.026847757422615286,29
2021,0,0,0.0,0,0.0,0.0,0,0,0.0,0,0.0,0.0,0.0,0.0,0,33,51,434.0,1,0.0,0.0,613.0,122.0,22.0,23.1323142503435,0,0.0,8.091804719761376,1.5616434114909725,2.477524157978724,4.076732027821565,12,0.125,0.18474984930681132,0.11596958174904944,0.33529987944544903,0.18023255813953487,0.16666666666666666,0.1864406779661017,0.18548387096774194,0.17344961240310075,0.17751937984496122,1.0637254901960784,0.10754091514186527,26
2021,0,0,0.0,0,0.0,0.0,0,0,0.0,0,0.0,0.0,0.0,0.0,0,24,47,275.0,1,0.0,0.0,540.0,47.0,16.0,5.2730953160000045,0,0.0,6.1813351629141104,1.5395291505552908,2.1447465159974874,3.810616287031177,12,0.12433862433862433,0.17324350336862368,0.03750997605746209,0.3251027392028355,0.1114714227807053,0.07142857142857142,0.125,0.11971830985915492,0.09144999710463836,0.10346285251027854,0.7275132275132276,0.06043852088545061,27
2021,0,0,0.0,0,0.0,0.0,0,2,-2.0,0,0.0,0.0,1.0,-1.420438484987244,0,9,19,160.0,0,0.0,0.0,171.0,95.0,7.0,0.2852655313326977,0,0.0,4.933566895822317,0.7132123404917522,0.8927539058466396,1.694746244830276,7,0.0867579908675799,0.11067961165048544,0.11904761904761904,0.21868067562175822,0.09803921568627451,0.0,0.0875,0.07777777777777778,0.049019607843137254,0.0784313725490196,0.730593607305936,0.041549390162176646,27
2021,0,0,0.0,0,0.0,0.0,0,0,0.0,0,0.0,0.0,0.0,0.0,0,2,3,10.0,0,0.0,0.0,58.0,3.0,1.0,0.5903129952494055,0,0.0,1.4285714285714286,0.09845559845559845,0.23039762170196953,0.30896173287477635,2,0.04411764705882353,0.1280353200883002,0.014705882352941176,0.16860472665887546,0.0273224043715847,0.0,0.0625,0.0625,0.0,0.0,0.14705882352941177,0.03255914912090297,27
2021,1,1,46.0,0,-4.0,50.0,0,2,22.0,0,0.0,0.0,1.0,1.3555669034831226,0,67,94,828.0,5,1.0,0.0,728.0,389.0,37.0,20.24410014353026,0,0.0,17.961749666297273,3.110998419282404,3.0812528751852053,6.823374641553249,16,0.17870722433460076,0.1720633419995273,0.16861725184221935,0.405711510101523,0.17730192719486082,0.14285714285714285,0.18137254901960784,0.17573221757322174,0.16007953502600183,0.17041297032731725,1.5741444866920151,0.1148210605208919,27
2021,0,0,0.0,0,0.0,0.0,0,9,96.0,0,0.0,0.0,4.0,2.9771603627013974,0,111,159,1239.0,9,2.0,1.0,1647.0,444.0,75.0,62.36571529114821,0,0.0,13.925718638366005,4.214110234145003,6.005553916841985,10.525053093006894,17,0.23555555555555555,0.33198951824228984,0.1627565982404692,0.6189249479271652,0.25096212274660723,0.24324324324324326,0.2808988764044944,0.27631578947368424,0.24710268299492524,0.24941834684593445,1.8355555555555556,0.1684008451280187,27
2021,0,0,0.0,0,0.0,0.0,0,0,0.0,0,0.0,0.0,0.0,0.0,0,1,1,10.0,0,0.0,0.0,5.0,5.0,1.0,1.1529732060153037,0,0.0,2.0,0.045454545454545456,0.030303030303030304,0.08939393939393939,1,0.041666666666666664,0.027932960893854747,0.06578947368421052,0.0848463687150838,0.046511627906976744,0.0,0.1,0.09090909090909091,0.023255813953488372,0.037209302325581395,0.4166666666666667,0.02994011976047904,28
2021,0,0,0.0,0,0.0,0.0,0,1,3.0,0,0.0,0.0,0.0,-0.194386996794492,0,4,11,33.0,0,0.0,0.0,79.0,7.0,1.0,-10.620481441050323,0,0.0,2.375,0.4390886316444907,0.5445923791788876,1.0398476128919572,6,0.054455445544554455,0.05671213208901651,0.014767932489451477,0.12705287398804488,0.036544850498338874,0.0,0.02,0.018518518518518517,0.018272425249169437,0.029235880398671102,0.16336633663366337,0.023755938984746185,26
2021,0,0,0.0,0,0.0,0.0,0,0,0.0,0,0.0,0.0,0.0,0.0,0,5,11,52.0,0,0.0,0.0,109.0,13.0,3.0,-2.698866531817482,0,0.0,4.239177489177489,0.4074096430856313,0.5530122147500196,0.9982230149534607,7,0.054455445544554455,0.06982703395259449,0.015402843601895734,0.13754479547890727,0.033700583279325985,0.0,0.04,0.03529411764705882,0.016850291639662993,0.02696046662346079,0.25742574257425743,0.01742338833657887,27
2021,0,0,0.0,0,0.0,0.0,0,0,0.0,0,0.0,0.0,0.0,0.0,0,4,8,26.0,0,0.0,0.0,131.0,10.0,3.0,-0.7491006796481088,1,0.0,0.7652892561983471,0.19432624113475178,0.3740793537657401,0.5533449093381457,2,0.10126582278481013,0.2109500805152979,0.07575757575757576,0.32065879858945356,0.06280193236714976,0.0,0.13043478260869565,0.12,0.03140096618357488,0.05024154589371981,0.3291139240506329,0.05349589450111968,27
2021,0,0,0.0,0,0.0,0.0,0,1,14.0,0,0.0,0.0,1.0,1.017295717203524,0,10,12,212.0,2,0.0,0.0,185.0,70.0,8.0,17.28436093009077,0,0.0,4.283364661654136,0.29110382588695694,0.4672447007160573,0.7637270293316756,3,0.09836065573770492,0.16517857142857142,0.1580135440180587,0.27968384074941455,0.20845624385447395,0.25,0.17391304347826086,0.18518518518518517,0.22922812192723696,0.21676499508357916,1.7377049180327868,0.13211683156585108,28
2021,0,0,0.0,0,0.0,0.0,0,2,21.0,0,0.0,0.0,0.0,1.917843007016927,0,38,69,384.0,3,1.0,1.0,608.0,121.0,15.0,-12.86810332951071,0,0.0,9.775073468957908,2.246573565978078,2.604893234144365,5.193285612868173,16,0.13995943204868155,0.15932914046121593,0.07707006369426751,0.33740246044199507,0.11418376449598573,0.12,0.09615384615384616,0.09944751381215469,0.11709188224799286,0.11534701159678859,0.7789046653144016,0.06807278385270346,27
2021,0,0,0.0,0,0.0,0.0,0,4,11.0,0,0.0,0.0,0.0,-1.8985257140424139,0,6,9,27.0,0,0.0,0.0,21.0,40.0,4.0,-0.04461636405903846,0,0.0,0.0,0.26895352375983655,0.03385733221363158,0.4271304181892969,5,0.05202312138728324,0.014664804469273743,0.06896551724137931,0.08976652565634385,0.023851590106007067,0.0,0.06779661016949153,0.06060606060606061,0.011925795053003533,0.019081272084805655,0.15606936416184972,0.02321284760054953,25
2021,0,0,0.0,0,0.0,0.0,0,0,0.0,0,0.0,0.0,0.0,0.0,0,2,3,41.0,0,0.0,0.0,39.0,7.0,2.0,4.142491481499746,0,0.0,1.0512820512820513,0.10344827586206896,0.23780487804878048,0.3216358284272498,1,0.10344827586206896,0.23780487804878048,0.06422018348623854,0.3454163162321279,0.3014705882352941,0.0,0.5,0.4,0.15073529411764705,0.2411764705882353,1.4137931034482758,0.11744320369657296,27
2021,1,1,25.0,1,22.0,3.0,0,12,125.0,0,0.0,0.0,7.0,9.5788863869966,0,55,70,800.0,5,1.0,1.0,592.0,385.0,27.0,42.377612264712354,0,1.1363636363636365,29.42091434494737,2.2061978624979224,2.172789462415916,4.830249417438025,17,0.1308411214953271,0.13805970149253732,0.19845360824742267,0.3067094434370205,0.19521717911176184,0.20833333333333334,0.1443850267379679,0.15165876777251186,0.2017752562225476,0.19784040995607616,1.4953271028037383,0.12010753117472484,26
2021,0,0,0.0,0,0.0,0.0,0,1,6.0,0,0.0,0.0,0.0,0.33306310197804123,0,4,6,51.0,0,0.0,0.0,102.0,13.0,3.0,-0.5555203012190759,0,0.0,1.9660869565217391,0.166001716001716,0.34076239191328705,0.4875362483418749,4,0.04195804195804196,0.07864302235929067,0.03494623655913978,0.1258514808244955,0.047397769516728624,0.0,0.06,0.05660377358490566,0.023698884758364312,0.037918215613382905,0.35664335664335667,0.02964185307419631,28
2021,0,0,0.0,0,0.0,0.0,0,0,0.0,0,0.0,0.0,0.0,0.0,0,53,85,734.0,5,0.0,0.0,995.0,202.0,39.0,37.65879882428589,0,0.0,12.183239142932019,2.8696835672986567,4.098323908327614,7.173352086777315,16,0.16569200779727095,0.22910430577941515,0.12484548825710753,0.4318214563194386,0.2033240997229917,0.2631578947368421,0.23214285714285715,0.23529411764705882,0.2332409972299169,0.21529085872576179,1.4307992202729045,0.12099644128113878,28
2021,0,0,0.0,0,0.0,0.0,0,0,0.0,0,0.0,0.0,0.0,0.0,0,4,7,33.0,0,0.0,0.0,72.0,17.0,4.0,-1.7773421431193128,0,0.0,3.061006289308176,0.2863095238095238,0.3859920117712637,0.6996586939541702,3,0.08333333333333333,0.14516129032258066,0.07391304347826087,0.24112903225806454,0.07551487414187644,0.0,0.16666666666666666,0.16,0.03775743707093822,0.060411899313501154,0.39285714285714285,0.038324233515329695,28
2021,0,0,0.0,0,0.0,0.0,0,1,16.0,0,0.0,0.0,1.0,0.979927982436493,0,11,20,224.0,1,1.0,0.0,314.0,40.0,8.0,12.21210288227303,0,0.0,7.334736647245659,0.5641211358490102,1.3797779834981378,1.812026292222212,9,0.05763688760806916,0.12406163571710786,0.03571428571428571,0.18570463998579004,0.10442890442890443,0.1,0.07547169811320754,0.07758620689655173,0.10221445221445222,0.10354312354312355,0.6455331412103746,0.05919722783713543,26
2021,0,0,0.0,0,0.0,0.0,0,9,47.0,1,0.0,0.0,4.0,1.9475375540496316,0,20,26,178.0,1,0.0,0.0,157.0,81.0,13.0,16.954948930360842,0,0.0,5.923809523809524,0.7115243362178321,0.5386452460953406,1.4443381765934864,11,0.05689277899343545,0.041567381519724646,0.07111501316944688,0.11859307370593289,0.05939272605939273,0.045454545454545456,0.07926829268292683,0.07526881720430108,0.052423635756969095,0.05660508993842328,0.38949671772428884,0.04732628215147884,26
2021,0,0,0.0,0,0.0,0.0,0,0,0.0,0,0.0,0.0,0.0,0.0,0,12,17,161.0,2,0.0,0.0,138.0,60.0,7.0,10.600430672289804,0,0.0,7.539285714285715,0.49926502525369454,0.5817598386704715,1.156129424949872,10,0.044386422976501305,0.04768486523842433,0.054995417048579284,0.10472752665549143,0.06293979671618452,0.14285714285714285,0.05185185185185185,0.06040268456375839,0.10289846978666368,0.0789232659443762,0.42036553524804177,0.04684469989018948,25
2021,0,0,0.0,0,0.0,0.0,0,0,0.0,0,0.0,0.0,0.0,0.0,0,2,5,24.0,0,0.0,0.0,62.0,8.0,1.0,-0.5244607966160402,0,0.0,3.0545454545454547,0.13311546840958605,0.20258890287526915,0.3414854346270675,5,0.023809523809523808,0.038390092879256967,0.010269576379974325,0.06642636001769128,0.016985138004246284,0.0,0.013333333333333334,0.011764705882352941,0.008492569002123142,0.013588110403397028,0.11428571428571428,0.008890325709205529,26
2021,0,0,0.0,0,0.0,0.0,0,0,0.0,0,0.0,0.0,0.0,0.0,0,76,129,1146.0,9,0.0,0.0,1497.0,415.0,51.0,65.61528882257889,1,0.0,17.3906956093602,3.2168064517046155,4.725027926600804,8.132729226177485,16,0.20187793427230047,0.30942538238941714,0.18932481751824817,0.5503572073199844,0.24497648567764002,0.24324324324324326,0.21518987341772153,0.21897810218978103,0.24410986446044164,0.24462983719076067,1.7934272300469483,0.1447675852109286,27
2021,0,0,0.0,0,0.0,0.0,0,0,0.0,0,0.0,0.0,0.0,0.0,0,14,28,223.0,4,0.0,0.0,429.0,37.0,11.0,13.542832518130204,0,0.0,4.7160380522296546,0.774057627502678,1.7043513234315555,2.354132367656106,13,0.060215053763440864,0.1263622974963181,0.02642857142857143,0.1914124186422158,0.07106437221159974,0.2222222222222222,0.06666666666666667,0.08196721311475409,0.14664329721691097,0.10129594221372423,0.47956989247311826,0.05553406641984858,28
2021,0,0,0.0,0,0.0,0.0,0,0,0.0,0,0.0,0.0,0.0,0.0,0,0,2,0.0,0,0.0,0.0,28.0,0.0,0.0,-0.9738130733603612,0,0.0,0.0,0.05714285714285714,0.08974358974358974,0.14853479853479853,1,0.05263157894736842,0.08333333333333333,0.0,0.1456140350877193,0.0,0.0,0.0,0.0,0.0,0.0,0.0,0.0,26
2021,0,0,0.0,0,0.0,0.0,0,0,0.0,0,0.0,0.0,0.0,0.0,0,16,25,184.0,0,0.0,0.0,227.0,68.0,6.0,0.19712335924850777,0,0.0,10.520300267108778,0.6246492796007215,0.6690590441116689,1.4053152502792505,9,0.07042253521126761,0.07384515289525048,0.0547945205479452,0.1647099251331018,0.06703096539162114,0.0,0.04580152671755725,0.040268456375838924,0.03351548269581057,0.05362477231329691,0.5183098591549296,0.0361800588977703,25
2021,0,1,0.0,0,8.0,0.0,0,0,0.0,0,0.0,0.0,0.0,0.0,0,28,51,449.0,1,0.0,0.0,686.0,85.0,20.0,8.228594383905822,0,0.0,11.236068031200574,1.4863660935307523,2.8742366417629106,4.241514789530166,14,0.10303030303030303,0.2029585798816568,0.0499412455934195,0.31691231845078,0.13751914241960184,0.0625,0.12195121951219512,0.11666666666666667,0.10000957120980092,0.12251531393568148,0.907070707070707,0.0714609183950729,28
2021,1,2,2.0,0,2.0,3.0,0,0,0.0,0,0.0,0.0,0.0,0.0,0,7,11,95.0,3,0.0,0.0,85.0,16.0,4.0,10.643124117166735,0,0.0,6.574142156862745,0.3604612383452994,0.32048132042476074,0.7650287818152816,7,0.04824561403508772,0.042994436014162876,0.01834862385321101,0.10676396986396189,0.05491329479768786,0.42857142857142855,0.05194805194805195,0.08333333333333333,0.2417423616845582,0.129644921552436,0.4166666666666667,0.058879618593563755,26
2021,0,0,0.0,0,0.0,0.0,0,0,0.0,0,0.0,0.0,0.0,0.0,0,10,15,68.0,0,0.0,0.0,110.0,17.0,3.0,-1.9098853867621841,0,0.0,6.91170634920635,0.41509862821159693,0.3771876390555568,0.8866792896562852,8,0.04792332268370607,0.044733631557543715,0.017894736842105262,0.10767188927159407,0.02989010989010989,0.0,0.028846153846153848,0.025210084033613446,0.014945054945054945,0.023912087912087914,0.21725239616613418,0.021420374856559992,28
2021,0,0,0.0,0,0.0,0.0,0,3,9.0,1,0.0,0.0,1.0,0.7040680426289327,0,15,28,129.0,0,0.0,0.0,183.0,68.0,6.0,-8.17464221835365,0,0.0,6.067554179566564,0.7390937223695844,0.7176195373279399,1.6109742596839345,5,0.14358974358974358,0.13212996389891696,0.09798270893371758,0.32108858650374894,0.10031104199066875,0.0,0.09836065573770492,0.08955223880597014,0.05015552099533437,0.080248833592535,0.6615384615384615,0.08429415754287374,25
2021,0,0,0.0,0,0.0,0.0,0,0,0.0,0,0.0,0.0,0.0,0.0,0,34,59,492.0,4,2.0,1.0,765.0,129.0,23.0,-0.8347992301747356,0,0.0,5.783907154094891,1.6625274133354244,2.573082502437772,4.294948871709577,9,0.17507418397626112,0.28042521994134895,0.13285272914521112,0.4869514519174709,0.22517162471395882,0.4,0.23,0.24545454545454545,0.3125858123569794,0.26013729977116706,1.459940652818991,0.1557826151340145,26
2021,0,0,0.0,0,0.0,0.0,0,2,3.0,0,0.0,0.0,0.0,-0.5168792470358312,0,47,70,546.0,1,1.0,1.0,979.0,170.0,29.0,6.00350957193494,0,0.0,22.458007689147188,2.0472723314703947,3.666571145917926,5.6375082993481405,15,0.12411347517730496,0.21794300979519146,0.08461921353907417,0.36052462060211066,0.13365973072215423,0.05263157894736842,0.15343915343915343,0.14423076923076922,0.09314565483476132,0.11745410036719708,0.9680851063829787,0.08042223572296477,26
2021,0,1,0.0,0,25.0,0.0,0,4,18.0,0,0.0,0.0,1.0,-1.437612365464151,0,145,191,1947.0,16,0.0,0.0,1641.0,846.0,89.0,111.88284767521603,1,0.0,21.944289806670792,5.495459006963327,5.641115282405869,12.191969208129098,17,0.31466227347611203,0.31963381379041683,0.39588207767898925,0.7277004612465016,0.39791538933169834,0.3902439024390244,0.38197424892703863,0.38321167883211676,0.3940796458853614,0.39638109195316357,3.2075782537067545,0.25832882702842497,28
2021,0,0,0.0,0,0.0,0.0,0,4,21.0,1,0.0,0.0,4.0,3.0718219943228178,0,98,127,1103.0,5,2.0,2.0,931.0,586.0,55.0,36.05648674908548,0,0.0,18.649696843320267,2.9557375845861795,2.73695607499135,6.349475629373214,14,0.2078559738134206,0.1931134619373574,0.26782449725776963,0.46627473027001687,0.24983012457531145,0.1388888888888889,0.24444444444444444,0.22988505747126436,0.19435950673210017,0.22764187743802697,1.8052373158756136,0.15403189934549152,25
2021,0,0,0.0,0,0.0,0.0,0,0,0.0,0,0.0,0.0,0.0,0.0,0,37,76,521.0,0,0.0,0.0,1050.0,119.0,27.0,-2.5020646329655882,0,0.0,7.023553354772107,2.338942362147855,4.474273131993287,6.640404735617084,14,0.16,0.28680688336520077,0.09573612228479485,0.4694455066921606,0.18869974646867077,0.0,0.2,0.1836734693877551,0.09434987323433539,0.15095979717493663,1.0968421052631578,0.09697009272561055,28
2021,0,0,0.0,0,0.0,0.0,0,0,0.0,0,0.0,0.0,0.0,0.0,0,29,49,396.0,2,0.0,0.0,668.0,119.0,21.0,18.884278442147462,0,0.0,13.082562757052502,1.5228453910421198,3.146631022796414,4.486909802520669,10,0.153125,0.2925974594831362,0.10682226211849193,0.463765467586509,0.17475728155339806,0.11764705882352941,0.18584070796460178,0.17692307692307693,0.14620217018846374,0.16333523700742433,1.2375,0.09368389241462677,26
2021,0,0,0.0,0,0.0,0.0,0,0,0.0,0,0.0,0.0,0.0,0.0,0,0,1,0.0,0,0.0,0.0,15.0,0.0,0.0,-0.815943880006671,0,0.0,0.0,0.025,0.06666666666666667,0.08416666666666667,1,0.024390243902439025,0.0641025641025641,0.0,0.08786741713570982,0.0,0.0,0.0,0.0,0.0,0.0,0.0,0.0,27
2021,0,0,0.0,0,0.0,0.0,0,0,0.0,0,0.0,0.0,0.0,0.0,0,35,52,408.0,0,1.0,1.0,340.0,188.0,20.0,3.540437920980599,1,0.0,10.837012797647184,1.4860942806064759,1.2942416105192551,3.1351105482731922,10,0.14285714285714285,0.12052463665366892,0.16305290546400694,0.3107054236086494,0.1656516443361754,0.0,0.16,0.15151515151515152,0.0828258221680877,0.13252131546894033,1.120879120879121,0.0914663577565402,26
2021,0,1,0.0,0,13.0,0.0,0,0,0.0,0,0.0,0.0,0.0,0.0,0,18,25,250.0,1,0.0,0.0,262.0,118.0,10.0,9.140306190529373,0,0.0,14.274059561128526,0.7142159662320953,0.9071883060172089,1.7063557635601891,9,0.07692307692307693,0.1041335453100159,0.11871227364185111,0.1986914516326281,0.12600806451612903,0.08333333333333333,0.10526315789473684,0.102803738317757,0.10467069892473119,0.1174731182795699,0.7692307692307693,0.06603239630218581,28
2021,0,0,0.0,0,0.0,0.0,0,1,7.0,0,0.0,0.0,0.0,0.40346220385981724,0,15,23,211.0,2,0.0,0.0,267.0,42.0,11.0,8.951436545556941,0,0.0,8.864358869744427,0.8103151948740184,1.2244403481178447,2.072581035993519,10,0.07958477508650519,0.1231549815498155,0.043121149897330596,0.21790114786961018,0.1053419870194708,0.18181818181818182,0.11827956989247312,0.125,0.1435800844188263,0.120637225979213,0.7301038062283737,0.069002573456633,25
2021,0,0,0.0,0,0.0,0.0,0,0,0.0,0,0.0,0.0,0.0,0.0,0,4,9,25.0,0,0.0,0.0,58.0,2.0,2.0,-4.044391768111382,0,0.0,2.592857142857143,0.25780520256326706,0.22126877228054748,0.5415959444412838,6,0.04285714285714286,0.037037037037037035,0.0037243947858473,0.09391534391534391,0.017361111111111112,0.0,0.028985507246376812,0.02631578947368421,0.008680555555555556,0.01388888888888889,0.11904761904761904,0.014434821230290917,25
2021,0,0,0.0,0,0.0,0.0,0,0,0.0,0,0.0,0.0,0.0,0.0,0,26,55,430.0,3,0.0,0.0,985.0,146.0,18.0,10.757256269082621,0,0.0,4.897845505075898,1.6350371999565547,3.3065053279792465,4.7671095295203045,11,0.14138817480719795,0.3126984126984127,0.09034653465346534,0.4622409923695271,0.13965573238064308,0.12,0.1125,0.11351351351351352,0.12982786619032155,0.13572458590451447,1.1053984575835476,0.07848019051742802,27
2021,0,0,0.0,0,0.0,0.0,0,3,14.0,0,0.0,0.0,2.0,-0.4780338841374032,0,9,17,98.0,0,0.0,0.0,175.0,58.0,6.0,4.694028524769237,0,0.0,11.29548942106487,0.48118138099162766,0.7011511908659385,1.2125779050935983,9,0.05246913580246913,0.0755939524838013,0.0436418359668924,0.13917886569074472,0.04026294165981923,0.0,0.047244094488188976,0.039473684210526314,0.020131470829909615,0.032210353327855386,0.30246913580246915,0.0212976825590958,25
2021,0,0,0.0,0,0.0,0.0,0,0,0.0,0,0.0,0.0,0.0,0.0,0,42,60,568.0,5,0.0,0.0,641.0,187.0,32.0,36.73909083536926,0,0.0,19.610158014732264,1.6156527513652799,2.3538321589899422,4.07116163834088,16,0.09404388714733543,0.13844492440604753,0.07123809523809524,0.2518217702458412,0.11905260951582478,0.1388888888888889,0.12403100775193798,0.12585034013605442,0.12897074920235685,0.1230198653904376,0.890282131661442,0.07577629519808912,28
2021,0,0,0.0,0,0.0,0.0,0,0,0.0,0,0.0,0.0,0.0,0.0,0,3,7,17.0,0,0.0,0.0,55.0,16.0,1.0,-0.8913638396188617,0,0.0,0.3469387755102041,0.1970551378446115,0.19303342070432727,0.43070610125994635,3,0.06542056074766354,0.07959479015918958,0.050955414012738856,0.16180667324884696,0.034482758620689655,0.0,0.04,0.037037037037037035,0.017241379310344827,0.027586206896551724,0.1588785046728972,0.025416396279472203,27
2021,1,1,16.0,0,15.0,1.0,0,0,0.0,0,0.0,0.0,0.0,0.0,0,58,98,776.0,2,0.0,0.0,1509.0,135.0,35.0,20.10111837010122,1,1.0666666666666667,10.128864363037687,3.09028538187106,5.207066895984313,8.280374899995609,17,0.18114602587800369,0.3307759754493643,0.07785467128027682,0.536339819176497,0.2012448132780083,0.1,0.19553072625698323,0.18592964824120603,0.15062240663900417,0.18099585062240664,1.4343807763401109,0.11011917850389198,26
2021,0,0,0.0,0,0.0,0.0,0,0,0.0,0,0.0,0.0,0.0,0.0,0,6,12,25.0,1,0.0,0.0,76.0,10.0,3.0,-11.383189313637558,0,0.0,1.779503105590062,0.5156410256410257,0.4169145271204768,1.0653017074458722,3,0.13333333333333333,0.11411411411411411,0.05813953488372093,0.2912912912912913,0.04826254826254826,0.5,0.10344827586206896,0.12903225806451613,0.27413127413127414,0.13861003861003862,0.2777777777777778,0.10026275757156686,27
2021,0,0,0.0,0,0.0,0.0,0,0,0.0,0,0.0,0.0,0.0,0.0,0,1,1,5.0,0,0.0,0.0,5.0,0.0,0.0,-0.1689153602346778,0,0.0,1.0,0.038461538461538464,0.02617801047120419,0.07601691502215063,1,0.038461538461538464,0.02617801047120419,0.0,0.07863471606927105,0.03333333333333333,0.0,0.0,0.0,0.016666666666666666,0.02666666666666667,0.19230769230769232,0.018564356435643563,24
2021,0,0,0.0,0,0.0,0.0,0,2,15.0,0,0.0,0.0,0.0,0.03957455197814852,0,39,66,277.0,0,1.0,0.0,421.0,116.0,17.0,-14.278892831584798,0,0.0,16.5083924225127,1.6241526236707218,1.626245945393909,3.574601097281819,14,0.11978221415607986,0.11875881523272215,0.0675990675990676,0.2746803734202975,0.08468358300214002,0.0,0.10179640718562874,0.09090909090909091,0.04234179150107001,0.06774686640171201,0.5027223230490018,0.05741997406839881,25
2021,0,0,0.0,0,0.0,0.0,0,0,0.0,0,0.0,0.0,0.0,0.0,0,66,94,770.0,4,2.0,2.0,876.0,248.0,37.0,9.49708630586398,0,0.0,14.987318790665505,3.0649776298969846,3.675877511941936,7.170580703204832,13,0.22274881516587677,0.29141716566866266,0.19180201082753287,0.5672569552837453,0.2589976454759502,0.36363636363636365,0.26618705035971224,0.2733333333333333,0.31131700455615696,0.27992538910803294,1.8246445497630333,0.1757374504053821,25
2021,3,3,88.0,0,67.0,21.0,0,2,11.0,0,0.0,0.0,1.0,1.9798408342758194,0,45,61,602.0,6,1.0,0.0,581.0,260.0,27.0,34.777382763575545,1,4.260416666666667,16.46539515965252,1.6291636049307845,1.905575515664411,3.7776482683612644,14,0.11401869158878504,0.133716915995397,0.1371308016877637,0.27800157017949517,0.14364113576712,0.16666666666666666,0.12857142857142856,0.13414634146341464,0.15515390121689332,0.14824624194702934,1.125233644859813,0.09622820836642493,26
2021,0,0,0.0,0,0.0,0.0,0,7,40.0,2,0.0,0.0,3.0,5.014443893858697,0,46,65,431.0,2,1.0,1.0,332.0,264.0,22.0,7.82737549621379,0,0.0,19.348513126939103,2.012035543562881,1.3113573880501646,3.9360034869794367,15,0.12014787430683918,0.08396560445118867,0.14537444933920704,0.24739429502120974,0.11909367228516164,0.1111111111111111,0.12290502793296089,0.1218274111675127,0.11510239169813638,0.11749716005035155,0.7966728280961183,0.09972331104450079,26
2021,0,0,0.0,0,0.0,0.0,0,0,0.0,0,0.0,0.0,0.0,0.0,0,9,20,87.0,1,0.0,0.0,174.0,23.0,7.0,-5.662714003073322,0,0.0,5.738888888888889,0.7207923014988232,0.9148686758993619,1.721596525377788,9,0.07692307692307693,0.08592592592592592,0.018806214227309895,0.18412535612535613,0.03680203045685279,0.06666666666666667,0.06862745098039216,0.06837606837606838,0.05173434856175973,0.04277495769881557,0.3346153846153846,0.028614203269504743,25
2021,0,0,0.0,0,0.0,0.0,0,3,32.0,0,0.0,0.0,2.0,2.7569728402304463,0,40,60,513.0,8,0.0,0.0,653.0,168.0,28.0,36.58736934207987,0,0.0,13.579709671003023,1.7831693014449181,2.680258393041543,4.550934827296457,14,0.12096774193548387,0.16795267489711935,0.08668730650154799,0.3158137528209213,0.1385737439222042,0.27586206896551724,0.14507772020725387,0.16216216216216217,0.20721790644386073,0.16603140893086682,1.034274193548387,0.10594165402801321,26
2021,0,0,0.0,0,0.0,0.0,0,0,0.0,0,0.0,0.0,0.0,0.0,0,0,1,0.0,0,0.0,0.0,18.0,0.0,0.0,-0.44284594018245116,0,0.0,0.0,0.025,0.06040268456375839,0.07978187919463088,1,0.023809523809523808,0.05901639344262295,0.0,0.08292740046838408,0.0,0.0,0.0,0.0,0.0,0.0,0.0,0.0,25
2021,0,0,0.0,0,0.0,0.0,0,0,0.0,0,0.0,0.0,0.0,0.0,0,0,0,0.0,0,0.0,0.0,0.0,0.0,0.0,0.0,0,0.0,0.0,0.0,0.0,0.0,1,0.0,0.0,0.0,0.0,0.0,0.0,0.0,0.0,0.0,0.0,0.0,0.07455268389662027,26
2021,0,0,0.0,0,0.0,0.0,0,2,15.0,0,0.0,0.0,1.0,0.5946283061639406,0,2,5,15.0,1,0.0,0.0,84.0,1.0,2.0,0.9303044960252009,0,0.0,1.028169014084507,0.12009419152276295,0.2571321658434366,0.36013380337455003,3,0.05102040816326531,0.11428571428571428,0.0024330900243309003,0.1679591836734694,0.02167630057803468,0.2,0.05263157894736842,0.06976744186046512,0.11083815028901735,0.05734104046242776,0.15306122448979592,0.03833019722628754,26
2021,0,0,0.0,0,0.0,0.0,0,2,13.0,0,0.0,0.0,1.0,0.6088325600139797,0,24,44,285.0,2,0.0,0.0,514.0,79.0,9.0,-7.22128224318722,0,0.0,6.975777511961723,1.1656861043694413,2.2929760552848246,3.3536123952535393,15,0.07394957983193277,0.1301595340592555,0.04440697020798201,0.21505199699530358,0.08096590909090909,0.1,0.05056179775280899,0.05555555555555555,0.09048295454545455,0.08477272727272728,0.4789915966386555,0.05295774647887324,25
2021,0,0,0.0,0,0.0,0.0,0,0,0.0,0,0.0,0.0,0.0,0.0,0,3,4,39.0,1,0.0,0.0,45.0,21.0,3.0,0.003112844016868621,0,0.0,3.55,0.14831534120327222,0.1813689809630459,0.3494312984790405,4,0.03389830508474576,0.04859611231101512,0.03917910447761194,0.08972434747593075,0.03614457831325301,0.09090909090909091,0.06666666666666667,0.07142857142857142,0.06352683461117196,0.047097480832420595,0.3305084745762712,0.032579048388726134,24
2021,0,0,0.0,0,0.0,0.0,0,0,0.0,0,0.0,0.0,0.0,0.0,0,35,62,445.0,2,0.0,0.0,722.0,123.0,23.0,18.40413693504283,0,0.0,6.6010754199151105,1.500748916422994,2.5155204166912775,4.011987666318385,9,0.1631578947368421,0.26820208023774145,0.09707971586424625,0.4592985062954563,0.16894457099468488,0.1111111111111111,0.17424242424242425,0.16666666666666666,0.140027841052898,0.15737787901797012,1.1710526315789473,0.09648234847526256,25
2021,0,0,0.0,0,0.0,0.0,0,0,0.0,0,0.0,0.0,0.0,0.0,0,32,50,377.0,3,1.0,0.0,480.0,113.0,18.0,13.46562809272691,0,0.0,9.251008644573298,1.6134327080072044,2.074791919334419,3.8725034055449,10,0.1488095238095238,0.19908751555371215,0.10282074613284804,0.38248429815725543,0.17325367647058823,0.1875,0.17307692307692307,0.175,0.1803768382352941,0.1761029411764706,1.1220238095238095,0.1098667067548607,25
2021,1,1,33.0,0,33.0,0.0,0,1,11.0,0,0.0,0.0,1.0,0.6512457074131817,0,77,103,982.0,5,0.0,0.0,1189.0,243.0,44.0,51.099387971530916,0,1.0,16.149421153488504,3.123731658943694,4.698994164001606,7.974893403216665,17,0.17428087986463622,0.2694312259234081,0.1066257130320316,0.47696630053568084,0.21260012989824636,0.18518518518518517,0.205607476635514,0.2033195020746888,0.19889265754171576,0.20711714095563413,1.661590524534687,0.12594021449022177,25
2021,0,0,0.0,0,0.0,0.0,0,0,0.0,0,0.0,0.0,0.0,0.0,0,7,22,154.0,2,0.0,0.0,359.0,24.0,7.0,0.27420088673394094,0,0.0,1.2386124169233264,0.5487121212121212,0.9718864030047717,1.503388663921522,3,0.1864406779661017,0.32636363636363636,0.0898876404494382,0.5407519260400617,0.23019431988041852,0.4,0.2413793103448276,0.2647058823529412,0.31509715994020926,0.26415545590433487,1.305084745762712,0.1441381044163245,25
2021,0,0,0.0,0,0.0,0.0,0,8,48.0,0,0.0,0.0,4.0,7.407705761317629,0,93,163,1157.0,4,1.0,1.0,1730.0,426.0,60.0,8.43850797346094,1,0.0,11.939969880520614,4.8387527785588045,7.128489422217062,12.24807176339015,17,0.27212020033388984,0.39096045197740115,0.23368074602303895,0.7209486620827557,0.3238175202910719,0.2857142857142857,0.3448275862068966,0.3404255319148936,0.3047659030026788,0.3161968733757147,1.9315525876460768,0.1923980492863045,24
2021,0,0,0.0,0,0.0,0.0,0,0,0.0,0,0.0,0.0,0.0,0.0,0,31,52,281.0,2,0.0,0.0,521.0,91.0,16.0,7.901234673704039,0,0.0,3.0052562325418317,1.3377233877233878,2.1307615100234396,3.4981181386014892,5,0.25870646766169153,0.39439818319454956,0.15268456375838926,0.7035782480481769,0.2119155354449472,0.2,0.24615384615384617,0.24,0.2059577677224736,0.20953242835595778,1.3980099502487562,0.1537164353353224,27
2021,0,0,0.0,0,0.0,0.0,0,0,0.0,0,0.0,0.0,0.0,0.0,0,13,27,157.0,0,0.0,0.0,304.0,37.0,7.0,-7.367105391012271,1,0.0,6.962950937950938,0.7718190156751277,1.2758504799559038,2.050823859481824,10,0.07317073170731707,0.12687813021702837,0.029576338928856916,0.21125860173459832,0.06517227065172271,0.0,0.058333333333333334,0.05384615384615385,0.032586135325861354,0.052137816521378166,0.4254742547425474,0.03863287443686608,26
2021,1,1,16.0,0,13.0,3.0,0,0,0.0,0,0.0,0.0,0.0,0.0,0,10,16,87.0,1,0.0,0.0,103.0,38.0,5.0,-1.9642320835057552,0,1.2307692307692308,3.533333333333333,0.3806818181818182,0.35835045768727813,0.821868047653822,2,0.18823529411764706,0.17881944444444445,0.16666666666666666,0.4254084967320262,0.18872017353579176,1.0,0.19230769230769232,0.2222222222222222,0.5943600867678959,0.35097613882863343,1.0235294117647058,0.16688619599578502,26
2021,0,0,0.0,0,0.0,0.0,0,0,0.0,0,0.0,0.0,0.0,0.0,0,12,16,149.0,3,0.0,0.0,149.0,74.0,8.0,6.502443870471325,0,0.0,10.24720133667502,0.40301517940890763,0.3978786390474363,0.8830378164465668,7,0.05574912891986063,0.06154481619165634,0.07489878542510121,0.13285954633311603,0.07215496368038742,0.21428571428571427,0.07407407407407407,0.09016393442622951,0.14322033898305084,0.10058111380145279,0.519163763066202,0.060873101952277665,25
2021,0,0,0.0,0,0.0,0.0,0,0,0.0,0,0.0,0.0,0.0,0.0,0,10,22,103.0,0,0.0,0.0,175.0,59.0,4.0,-9.613334177061915,0,0.0,3.5005270092226617,0.6072767467928758,0.6898597559961557,1.3938169493866226,7,0.08494208494208494,0.1056125528062764,0.05870646766169154,0.21190316965814854,0.06134603930911257,0.0,0.046511627906976744,0.042105263157894736,0.030673019654556283,0.049076831447290054,0.39768339768339767,0.03274404800309697,24
2021,2,2,45.0,0,11.0,34.0,0,1,9.0,0,0.0,0.0,0.0,0.9230725592351519,0,83,126,866.0,2,1.0,1.0,1221.0,222.0,42.0,16.989091447288686,2,4.090909090909091,12.137931814400524,3.818217656762049,4.795831940691399,9.084408843627052,16,0.23684210526315788,0.28574771823075124,0.11514522821576763,0.5838613324793378,0.21230693797499386,0.08333333333333333,0.22580645161290322,0.20952380952380953,0.1478201356541636,0.18651221704666177,1.6278195488721805,0.12691081500858334,25
2021,0,0,0.0,0,0.0,0.0,0,3,3.0,0,0.0,0.0,0.0,-1.602576220058836,0,103,128,1038.0,9,1.0,1.0,828.0,452.0,51.0,51.40004696860901,0,0.0,22.238638187450146,3.5783450335443976,2.9150985165325816,7.408086511889404,17,0.20382165605095542,0.16187683284457477,0.19729375818419903,0.435233950352093,0.2158901830282862,0.391304347826087,0.2350230414746544,0.25,0.30359726542718657,0.2509730159878464,1.6528662420382165,0.16936633067942636,26
2021,0,0,0.0,0,0.0,0.0,0,3,32.0,0,0.0,0.0,1.0,0.33870580315124243,0,13,22,173.0,2,0.0,0.0,304.0,50.0,9.0,5.9716478186892346,0,0.0,13.876236263736264,0.7210255743373462,1.0433370348762638,1.8118742859194037,14,0.05069124423963134,0.09004739336492891,0.036231884057971016,0.14807478105139016,0.05679579776756402,0.08695652173913043,0.06474820143884892,0.06790123456790123,0.07187615975334723,0.0628279425618773,0.3986175115207373,0.03692162877128065,24
2021,0,0,0.0,0,0.0,0.0,0,0,0.0,0,0.0,0.0,0.0,0.0,0,7,12,59.0,0,0.0,0.0,108.0,41.0,3.0,-3.16131397546269,0,0.0,24.465201465201464,0.40990539229503575,0.4557443680809289,0.9338791460992037,9,0.043010752688172046,0.04280618311533888,0.04175152749490835,0.09876107552452917,0.028752436647173488,0.0,0.031578947368421054,0.027777777777777776,0.014376218323586744,0.02300194931773879,0.2114695340501792,0.016996495296318744,25
2021,0,0,0.0,0,0.0,0.0,0,0,0.0,0,0.0,0.0,0.0,0.0,0,3,6,36.0,0,0.0,0.0,39.0,15.0,2.0,-2.6614067054595005,0,0.0,0.9230769230769231,0.15,0.13087248322147652,0.31661073825503355,1,0.14285714285714285,0.12786885245901639,0.13761467889908258,0.3165807962529274,0.1782178217821782,0.0,0.2222222222222222,0.2222222222222222,0.0,0.0,0.8571428571428571,0.11982570806100218,25
2021,0,0,0.0,0,0.0,0.0,0,0,0.0,0,0.0,0.0,0.0,0.0,0,1,3,17.0,0,0.0,0.0,14.0,13.0,1.0,-4.320512734120712,0,0.0,4.25,0.09775641025641026,0.09267089499647639,0.2115042418821489,2,0.039473684210526314,0.03431372549019608,0.043333333333333335,0.08666150670794634,0.04,0.0,0.045454545454545456,0.043478260869565216,0.02,0.032,0.2236842105263158,0.021739130434782608,25
2021,0,0,0.0,0,0.0,0.0,0,0,0.0,0,0.0,0.0,0.0,0.0,0,19,32,208.0,3,0.0,0.0,317.0,61.0,9.0,-3.424818518032094,0,0.0,5.2942123583424525,0.84448066539279,1.37585606128803,2.2298202409908057,8,0.10526315789473684,0.15351089588377723,0.05304347826086957,0.28070345354912707,0.098531501657982,0.375,0.09,0.1111111111111111,0.23676575082899098,0.1538252013263856,0.6842105263157895,0.08040732290913138,24
2021,0,0,0.0,0,0.0,0.0,0,8,46.0,0,1.0,1.0,2.0,-1.5545336874201894,0,59,83,693.0,2,1.0,1.0,612.0,502.0,33.0,17.99454054358648,0,0.0,39.42471836123554,2.171196071424179,2.3189625265574185,4.8800678757264615,17,0.12296296296296297,0.12336222535779076,0.1840175953079179,0.28313422473067706,0.14036864492606846,0.05405405405405406,0.12359550561797752,0.11513157894736842,0.09721134949006126,0.12310572675166559,1.0266666666666666,0.08002589908444464,23
2021,0,0,0.0,0,0.0,0.0,0,1,2.0,0,0.0,0.0,1.0,0.5175025649368763,0,31,53,406.0,3,0.0,0.0,477.0,96.0,22.0,12.53971291705966,0,0.0,12.514961433787665,1.688804146868663,2.072545894580934,3.983988346509648,15,0.10392156862745099,0.1271660890429219,0.061107574793125397,0.25761522417551397,0.11175337186897881,0.15789473684210525,0.12359550561797752,0.12690355329949238,0.13482405435554204,0.1209816448636041,0.796078431372549,0.07691517061806222,24
2021,0,0,0.0,0,0.0,0.0,0,5,41.0,0,0.0,0.0,1.0,1.137280760682188,0,36,59,570.0,3,0.0,0.0,590.0,241.0,23.0,9.929468594910393,0,0.0,12.685057930237772,1.9668584273038143,2.7544547774755257,4.878405985188589,13,0.14713216957605985,0.1944627554383652,0.1881342701014832,0.37626845871478193,0.20719738276990185,0.10714285714285714,0.1678832116788321,0.15757575757575756,0.1571701199563795,0.18718647764449292,1.4214463840399003,0.10656026070694538,24
2021,0,0,0.0,0,0.0,0.0,0,5,53.0,0,0.0,0.0,2.0,3.939951023843605,0,107,169,1161.0,8,2.0,2.0,1440.0,527.0,59.0,23.83452878148617,1,0.0,18.067807355322874,4.463274808352448,5.375308364141902,10.457628067428002,16,0.27887788778877887,0.350279737290197,0.28287707997852923,0.6985406215153259,0.31386861313868614,0.36363636363636365,0.31382978723404253,0.319047619047619,0.3387524883875249,0.32382216323822166,1.9158415841584158,0.2080900307888311,25
2021,0,0,0.0,0,0.0,0.0,0,0,0.0,0,0.0,0.0,0.0,0.0,0,2,5,36.0,0,0.0,0.0,41.0,29.0,2.0,-3.3505652281455696,0,0.0,11.1,0.16619631360790194,0.18690497369558035,0.38012795199875915,3,0.056179775280898875,0.056865464632454926,0.12083333333333333,0.12976203462731226,0.07758620689655173,0.0,0.07692307692307693,0.07142857142857142,0.03879310344827586,0.062068965517241385,0.4044943820224719,0.026684456304202797,25
2021,0,0,0.0,0,0.0,0.0,0,2,43.0,1,0.0,0.0,2.0,4.535418581974227,0,5,9,38.0,0,0.0,0.0,117.0,9.0,2.0,-5.675998245874,0,0.0,2.2034188034188036,0.20826586835581176,0.4399310624727891,0.62035054626467,5,0.043478260869565216,0.07485604606525911,0.01308139534883721,0.1251022281565551,0.026573426573426574,0.0,0.02666666666666667,0.024691358024691357,0.013286713286713287,0.021258741258741262,0.18357487922705315,0.037814294199168486,24
2021,0,0,0.0,0,0.0,0.0,0,0,0.0,0,0.0,0.0,0.0,0.0,0,2,5,34.0,0,0.0,0.0,86.0,5.0,1.0,-1.706758976506535,0,0.0,1.2298136645962732,0.16918103448275862,0.4820186818889466,0.5911846290464005,2,0.08196721311475409,0.21553884711779447,0.016666666666666666,0.2953818973663668,0.07024793388429752,0.0,0.05,0.043478260869565216,0.03512396694214876,0.05619834710743802,0.5573770491803278,0.0338642919854509,26
2021,0,0,0.0,0,0.0,0.0,0,1,7.0,0,0.0,0.0,0.0,0.3921524847391993,0,6,16,71.0,0,0.0,0.0,131.0,38.0,3.0,-5.443816471208019,0,0.0,0.8818181818181818,0.4201270582674757,0.5075619301989939,0.9854839385405092,6,0.07142857142857142,0.10061443932411675,0.04720496894409938,0.18763440860215053,0.04536741214057508,0.0,0.04,0.03571428571428571,0.02268370607028754,0.036293929712460066,0.3169642857142857,0.025799214806505887,24
2021,0,0,0.0,0,0.0,0.0,0,0,0.0,0,0.0,0.0,0.0,0.0,0,2,6,17.0,0,0.0,0.0,58.0,2.0,1.0,-2.9543511403899174,0,0.0,2.666666666666667,0.24560236511456024,0.4416633444604454,0.6775678887941521,4,0.05,0.07891156462585033,0.007751937984496124,0.1381292517006803,0.036637931034482756,0.0,0.04,0.03571428571428571,0.018318965517241378,0.029310344827586206,0.14166666666666666,0.019155104576516875,25
2021,0,0,0.0,0,0.0,0.0,0,1,3.0,0,0.0,0.0,0.0,-0.17190109728835523,0,2,4,11.0,0,0.0,0.0,32.0,20.0,0.0,-1.1837685892824084,0,0.0,4.0,0.1463464696223317,0.18362369337979093,0.3480562897993512,3,0.04819277108433735,0.05653710247349823,0.06993006993006994,0.11751883860530463,0.023206751054852322,0.0,0.0,0.0,0.011603375527426161,0.01856540084388186,0.13253012048192772,0.015387400434467778,25
2021,0,0,0.0,0,0.0,0.0,0,0,0.0,0,0.0,0.0,0.0,0.0,0,13,18,249.0,2,0.0,0.0,192.0,101.0,9.0,5.803066745662363,0,0.0,9.207220791542422,0.7585803497786531,1.2621409418693597,2.0213691839765313,7,0.08780487804878048,0.14285714285714285,0.15119760479041916,0.245993031358885,0.19347319347319347,0.2,0.16071428571428573,0.16666666666666666,0.19673659673659674,0.1947785547785548,1.2146341463414634,0.11023239374392504,23
2021,0,0,0.0,0,0.0,0.0,0,7,34.0,0,1.0,0.0,2.0,-0.9758450072258711,0,31,48,448.0,3,0.0,0.0,503.0,149.0,21.0,26.991135289979866,0,0.0,16.755127635752636,1.17530671408839,1.737951993008745,2.9795264662387067,16,0.07511737089201878,0.10396858205870194,0.06797445255474452,0.1958509219849897,0.09576742197520308,0.08108108108108109,0.08860759493670886,0.08759124087591241,0.08842425152814208,0.09283015379637868,0.701095461658842,0.0570616759225558,24
2021,0,0,0.0,0,0.0,0.0,0,0,0.0,0,0.0,0.0,0.0,0.0,0,3,4,56.0,0,0.0,0.0,60.0,26.0,3.0,2.601492775778752,0,0.0,0.9333333333333333,0.11764705882352941,0.23809523809523808,0.3431372549019608,1,0.11428571428571428,0.23529411764705882,0.13,0.3596638655462185,0.16666666666666666,0.0,0.15789473684210525,0.15,0.08333333333333333,0.13333333333333333,1.6,0.0835438119292792,26
2021,0,0,0.0,0,0.0,0.0,0,0,0.0,0,0.0,0.0,0.0,0.0,0,2,5,16.0,0,0.0,0.0,102.0,9.0,1.0,-3.6356850985321216,0,0.0,0.3225806451612903,0.13421911421911423,0.3694379765244714,0.4599352548958012,4,0.030864197530864196,0.07774390243902439,0.022113022113022112,0.1084914182475158,0.017937219730941704,0.0,0.022727272727272728,0.02040816326530612,0.008968609865470852,0.014349775784753363,0.09876543209876543,0.011425669671194617,25
2021,0,0,0.0,0,0.0,0.0,0,0,0.0,0,0.0,0.0,0.0,0.0,0,2,3,14.0,0,0.0,0.0,30.0,8.0,1.0,-0.4294887233118061,0,0.0,0.4666666666666667,0.09090909090909091,0.09063444108761329,0.19980774512496566,1,0.08571428571428572,0.08955223880597014,0.09411764705882353,0.2002132196162047,0.06965174129353234,0.0,0.1111111111111111,0.1111111111111111,0.0,0.0,0.4,0.07321274763135228,26
2021,0,0,0.0,0,0.0,0.0,0,1,24.0,0,0.0,0.0,1.0,1.4659277095925063,0,3,3,15.0,0,0.0,0.0,-16.0,31.0,0.0,-0.3387913668411784,0,0.0,0.0,0.07830907830907831,-0.06023734414901607,0.07529747655930623,2,0.038461538461538464,-0.02622950819672131,0.12156862745098039,0.036708701134930646,0.028517110266159697,0.0,0.0,0.0,0.014258555133079848,0.022813688212927757,0.19230769230769232,0.03687079192048733,23
2021,0,0,0.0,0,0.0,0.0,0,1,-1.0,0,0.0,0.0,0.0,-0.9286181327188388,0,8,17,113.0,0,0.0,0.0,192.0,15.0,6.0,5.477149774771165,0,0.0,4.849104859335038,0.5548652266697379,0.7402048618910919,1.3504412433283712,8,0.060498220640569395,0.0955223880597015,0.016375545851528384,0.16716524140861527,0.05994694960212202,0.0,0.061224489795918366,0.05454545454545454,0.02997347480106101,0.04795755968169762,0.40213523131672596,0.0293353705118411,24
2021,0,0,0.0,0,0.0,0.0,0,0,0.0,0,0.0,0.0,0.0,0.0,0,1,1,13.0,0,0.0,0.0,6.0,7.0,1.0,0.8104088391410187,0,0.0,2.1666666666666665,0.020833333333333332,0.0189873417721519,0.04454113924050633,1,0.02,0.01791044776119403,0.041176470588235294,0.044328358208955226,0.04153354632587859,0.0,0.0625,0.058823529411764705,0.020766773162939296,0.033226837060702875,0.26,0.02518615856329391,25
2021,0,0,0.0,0,0.0,0.0,0,1,-13.0,0,0.0,0.0,0.0,-1.7453839217778295,0,26,58,339.0,2,1.0,1.0,773.0,65.0,14.0,-14.252361351251919,0,0.0,6.021009368660468,1.7042553588556746,3.071848622908667,4.706677074319579,13,0.12831858407079647,0.24209207641716254,0.0568678915135608,0.3861515372399248,0.13554578168732506,0.16666666666666666,0.11475409836065574,0.11940298507462686,0.15110622417699587,0.1417699586831934,0.75,0.07919283339490212,24
2021,1,1,75.0,1,24.0,51.0,0,0,0.0,0,0.0,0.0,0.0,0.0,0,6,10,54.0,0,0.0,0.0,77.0,17.0,2.0,-4.6357488874928094,0,3.125,7.70952380952381,0.29039627058002737,0.34452757408523277,0.676763707729704,6,0.045662100456621,0.05174731182795699,0.024745269286754003,0.10989100014729711,0.0379746835443038,0.0,0.029411764705882353,0.02666666666666667,0.0189873417721519,0.03037974683544304,0.2465753424657534,0.03750662481144767,25
2021,0,0,0.0,0,0.0,0.0,0,0,0.0,0,0.0,0.0,0.0,0.0,0,8,13,58.0,0,2.0,1.0,75.0,31.0,5.0,-1.6387730676215142,0,0.0,3.8277777777777775,0.36643173398391615,0.4395120864294486,0.8573060614764881,5,0.07262569832402235,0.06805807622504537,0.04460431654676259,0.16338500846606982,0.047039740470397405,0.0,0.06944444444444445,0.058823529411764705,0.023519870235198703,0.037631792376317925,0.3240223463687151,0.022787841334826777,25
2021,0,0,0.0,0,0.0,0.0,0,1,-3.0,0,0.0,0.0,0.0,-3.7918562218546867,0,0,0,0.0,0,0.0,0.0,0.0,0.0,0.0,0.0,0,0.0,0.0,0.0,0.0,0.0,1,0.0,0.0,0.0,0.0,0.0,0.0,0.0,0.0,0.0,0.0,0.0,-0.0070060719290051384,25
2021,0,0,0.0,0,0.0,0.0,0,0,0.0,0,0.0,0.0,0.0,0.0,0,12,22,184.0,0,0.0,0.0,327.0,25.0,7.0,7.7237242978590075,0,0.0,6.359737742877278,0.661502785639408,1.082902072640351,1.7502856293073576,9,0.07166123778501629,0.13069544364508393,0.023084025854108958,0.21204821159359158,0.07750631844987363,0.0,0.06422018348623854,0.056910569105691054,0.038753159224936815,0.062005054759898905,0.5993485342019544,0.036016396938606254,24
2021,0,0,0.0,0,0.0,0.0,0,0,0.0,0,0.0,0.0,0.0,0.0,0,10,20,162.0,1,0.0,0.0,334.0,17.0,7.0,2.3772227646550164,0,0.0,3.3977439541362187,0.6325857641907338,1.4025533166326953,1.9306659679289873,6,0.10471204188481675,0.23275261324041813,0.025036818851251842,0.34327015341955963,0.10923803101820634,0.1111111111111111,0.1111111111111111,0.1111111111111111,0.11017457106465872,0.1096126470367873,0.8481675392670157,0.062207797225764076,24
2021,0,0,0.0,0,0.0,0.0,0,1,6.0,0,0.0,0.0,0.0,0.22244152944767848,0,75,129,967.0,12,1.0,0.0,1636.0,328.0,48.0,28.664408621174516,0,0.0,11.823169079367894,4.71569168596121,6.566579151264192,11.67014293482675,17,0.2606060606060606,0.35418921844555096,0.18818129661503155,0.6742604656655318,0.2534731323722149,0.4,0.2891566265060241,0.30612244897959184,0.32673656618610747,0.282778505897772,1.9535353535353535,0.16761578044596914,24
2021,0,0,0.0,0,0.0,0.0,0,1,9.0,0,0.0,0.0,0.0,0.7659604288637638,0,2,3,31.0,0,0.0,0.0,29.0,14.0,2.0,1.6776933936052956,0,0.0,3.9423076923076925,0.07803030303030303,0.07946476054195385,0.17267078692482224,4,0.019736842105263157,0.021014492753623187,0.02531645569620253,0.04641685736079329,0.027074235807860263,0.0,0.037037037037037035,0.03225806451612903,0.013537117903930132,0.021659388646288212,0.20394736842105263,0.013416815742397139,25
2021,0,0,0.0,0,0.0,0.0,0,1,12.0,0,0.0,0.0,1.0,0.7791807051980868,0,77,130,1053.0,5,0.0,0.0,1697.0,317.0,47.0,12.17581440386006,0,0.0,13.379697002722404,4.18475802733335,7.094454764711305,11.243255376297938,17,0.23636363636363636,0.41209324915007284,0.16701791359325605,0.6842200538655128,0.2810998398291511,0.23809523809523808,0.2596685082872928,0.25742574257425743,0.2595975389621946,0.2724989194823685,1.9145454545454546,0.1597408233199156,26
2021,0,0,0.0,0,0.0,0.0,0,1,5.0,0,0.0,0.0,1.0,0.9444636923726648,0,91,146,1008.0,6,3.0,1.0,1622.0,388.0,41.0,12.836530107876275,0,0.0,11.59745187806332,4.207744651128039,4.974421728764248,9.793712186827033,16,0.2539130434782609,0.32112452979607997,0.24054556726596404,0.6377691890542554,0.2490118577075099,0.2857142857142857,0.20812182741116753,0.21559633027522937,0.2673630717108978,0.2563523433088651,1.7530434782608695,0.15668272958901075,24
2021,0,2,0.0,0,42.0,0.0,0,2,10.0,0,0.0,0.0,1.0,0.552041839924641,0,63,105,869.0,5,0.0,0.0,1218.0,235.0,45.0,33.82721048599469,0,0.0,8.96489038855293,3.5990189195336253,5.798858561488621,9.457729372342472,13,0.26119402985074625,0.39101123595505616,0.17433234421364985,0.7046000335401643,0.2887043189368771,0.23809523809523808,0.29411764705882354,0.28735632183908044,0.26339977851605756,0.2785825027685493,2.1616915422885574,0.15815702045812205,24
2021,0,0,0.0,0,0.0,0.0,0,0,0.0,0,0.0,0.0,0.0,0.0,0,1,1,6.0,0,0.0,0.0,6.0,0.0,0.0,0.08530826517380774,0,0.0,1.0,0.037037037037037035,0.0335195530726257,0.07901924270639354,1,0.037037037037037035,0.0335195530726257,0.0,0.08237119801365611,0.03592814371257485,0.0,0.0,0.0,0.017964071856287425,0.02874251497005988,0.2222222222222222,0.018805829807240243,25
2021,1,2,24.0,1,39.0,0.0,0,59,365.0,8,0.0,0.0,21.0,20.849417409073794,0,77,121,1405.0,6,4.0,2.0,1029.0,780.0,51.0,55.31051865615728,0,1.0,22.455835197133734,4.19285525655663,4.623942092148814,9.526042349339114,16,0.25,0.27186261558784675,0.37338439444710386,0.5924900924702774,0.33953600773320447,0.25,0.2698412698412698,0.2676056338028169,0.29476800386660224,0.3216288061865636,2.902892561983471,0.23444135507877883,25
2021,0,0,0.0,0,0.0,0.0,0,0,0.0,0,0.0,0.0,0.0,0.0,0,1,3,13.0,0,0.0,0.0,56.0,6.0,1.0,-0.2178100550081581,0,0.0,0.23214285714285715,0.075,0.14775725593667546,0.2159300791556728,1,0.06976744186046512,0.14358974358974358,0.07692307692307693,0.21952295766249252,0.05327868852459016,0.0,0.0625,0.058823529411764705,0.02663934426229508,0.04262295081967213,0.3023255813953488,0.0315673895141367,24
2021,1,1,1.0,0,-5.0,6.0,0,0,0.0,0,0.0,0.0,0.0,0.0,0,15,23,175.0,1,0.0,0.0,185.0,57.0,10.0,10.069094981197871,0,0.0,10.669612575362926,0.6922316886671107,0.6717293658413307,1.5085580890895973,10,0.06647398843930635,0.06266937669376693,0.049912434325744305,0.14984648401397307,0.07267441860465117,0.06666666666666667,0.09090909090909091,0.088,0.06967054263565892,0.07147286821705427,0.5057803468208093,0.046438210911895116,24
2021,0,0,0.0,0,0.0,0.0,0,1,3.0,0,0.0,0.0,0.0,-0.2804734657984227,0,0,0,0.0,0,0.0,0.0,0.0,0.0,0.0,0.0,0,0.0,0.0,0.0,0.0,0.0,1,0.0,0.0,0.0,0.0,0.0,0.0,0.0,0.0,0.0,0.0,0.0,0.0029143190207888093,23
2021,0,0,0.0,0,0.0,0.0,0,0,0.0,0,0.0,0.0,0.0,0.0,0,5,6,33.0,0,0.0,0.0,38.0,14.0,3.0,2.2627104824059643,0,0.0,3.9743589743589745,0.14591133004926107,0.16711959701299986,0.3358507129829915,3,0.047619047619047616,0.052269601100412656,0.03167420814479638,0.11324425230890156,0.043137254901960784,0.0,0.07317073170731707,0.06666666666666667,0.021568627450980392,0.034509803921568626,0.2619047619047619,0.03263861580810067,23
2021,0,0,0.0,0,0.0,0.0,0,0,0.0,0,0.0,0.0,0.0,0.0,0,13,22,159.0,4,0.0,0.0,240.0,42.0,12.0,14.589222102678356,0,0.0,13.307925746569815,0.8854140932415058,1.1981640730500436,2.166835990997289,12,0.06395348837209303,0.09087466868610375,0.0330188679245283,0.16862996750702253,0.06388107673764563,0.17391304347826086,0.10084033613445378,0.11267605633802817,0.11889706010795326,0.08588747008576869,0.4622093023255814,0.05403693715780012,25
2021,0,0,0.0,0,0.0,0.0,0,0,0.0,0,0.0,0.0,0.0,0.0,0,1,1,5.0,0,0.0,0.0,-4.0,9.0,0.0,-0.5092749386094511,0,0.0,0.0,0.047619047619047616,-0.043478260869565216,0.040993788819875775,1,0.047619047619047616,-0.043478260869565216,0.075,0.03664596273291925,0.02857142857142857,0.0,0.0,0.0,0.0,0.0,0.23809523809523808,0.019280205655526992,25
2021,0,0,0.0,0,0.0,0.0,0,0,0.0,0,0.0,0.0,0.0,0.0,0,4,4,64.0,0,0.0,0.0,48.0,16.0,2.0,3.801862793043256,0,0.0,3.4,0.13025210084033612,0.18439024390243902,0.3244513219922115,2,0.06060606060606061,0.07779578606158834,0.08743169398907104,0.15314571975836158,0.15130023640661938,0.0,0.1111111111111111,0.1,0.07565011820330969,0.12104018912529552,0.9696969696969697,0.07841954456341427,25
2021,0,0,0.0,0,0.0,0.0,0,0,0.0,0,0.0,0.0,0.0,0.0,0,16,20,202.0,0,0.0,0.0,192.0,55.0,10.0,14.315364896436222,0,0.0,5.877380952380952,0.5582617591693031,0.6266379362864998,1.2760391941545044,7,0.07692307692307693,0.07532365633581797,0.07768361581920905,0.17564354045326977,0.09965466206216082,0.0,0.09900990099009901,0.08849557522123894,0.04982733103108041,0.07972372964972867,0.7769230769230769,0.05181940507887429,25
2021,0,0,0.0,0,0.0,0.0,0,0,0.0,0,0.0,0.0,0.0,0.0,0,38,57,476.0,4,1.0,1.0,597.0,144.0,23.0,21.76941456151971,0,0.0,16.004650560921622,1.8162447585871955,2.6538230747184626,4.582043290183717,15,0.11752577319587629,0.16437224669603523,0.0936890045543266,0.30778645715064257,0.14543232508402076,0.2,0.13450292397660818,0.14136125654450263,0.1727161625420104,0.15634586006721662,0.9814432989690721,0.08533451765377661,24
2021,0,0,0.0,0,0.0,0.0,0,0,0.0,0,0.0,0.0,0.0,0.0,0,4,8,42.0,2,0.0,0.0,132.0,5.0,2.0,1.9433473990065977,0,0.0,0.3181818181818182,0.24242424242424243,0.5344129554655871,0.7377254324622746,1,0.23529411764705882,0.532258064516129,0.03184713375796178,0.7787476280834914,0.14482758620689656,0.6666666666666666,0.13333333333333333,0.2222222222222222,0.40574712643678157,0.2491954022988506,1.2352941176470589,0.1466957153231663,24
2021,0,0,0.0,0,0.0,0.0,0,0,0.0,0,0.0,0.0,0.0,0.0,0,35,63,549.0,6,0.0,0.0,846.0,132.0,29.0,20.69838585724808,0,0.0,12.510086063167059,1.6893925364509967,2.5668818100380286,4.330906071703115,15,0.10956521739130434,0.1788583509513742,0.08638743455497382,0.3074345068480559,0.13874147081122062,0.1935483870967742,0.13942307692307693,0.14644351464435146,0.1661449289539974,0.14970285406833134,0.9547826086956521,0.08422644134922866,22
2021,0,0,0.0,0,0.0,0.0,0,0,0.0,0,0.0,0.0,0.0,0.0,0,46,84,698.0,6,0.0,0.0,1060.0,144.0,32.0,27.968855190039474,0,0.0,10.700486203316842,3.1799076205107486,5.166423948698589,8.386358194855134,17,0.16666666666666666,0.2833466987436514,0.08561236623067776,0.47667735899492114,0.20308408495781205,0.20689655172413793,0.19393939393939394,0.1958762886597938,0.20499031834097498,0.20384657831107725,1.3849206349206349,0.11665437108078201,23
2021,0,0,0.0,0,0.0,0.0,0,0,0.0,0,0.0,0.0,0.0,0.0,0,2,4,21.0,1,0.0,0.0,36.0,3.0,1.0,1.1738232796196826,0,0.0,2.75,0.16186371100164204,0.21170300750007273,0.390987671752514,4,0.0380952380952381,0.04864864864864865,0.008450704225352112,0.09606177606177607,0.02796271637816245,0.14285714285714285,0.025,0.0425531914893617,0.08540992961765265,0.05094160167395853,0.2,0.027494963793760544,23
2021,0,0,0.0,0,0.0,0.0,0,0,0.0,0,0.0,0.0,0.0,0.0,0,34,58,597.0,3,1.0,1.0,904.0,146.0,26.0,25.969869365793997,0,0.0,16.350868975906415,1.961943101955052,3.7411647630252816,5.561729987050275,13,0.14720812182741116,0.28135698723934016,0.10688140556368961,0.4458977725325889,0.20844972067039105,0.15789473684210525,0.18705035971223022,0.18354430379746836,0.18317222875624817,0.1983387239047339,1.515228426395939,0.1010724552222304,22
2021,0,0,0.0,0,0.0,0.0,0,5,32.0,0,0.0,0.0,2.0,1.1700817013625056,0,25,40,343.0,4,0.0,0.0,324.0,206.0,12.0,13.233259284678148,0,0.0,35.677004026394926,1.4884071246061907,1.1717313028227254,3.052822598885194,16,0.08492569002123142,0.07325344788605019,0.12082111436950146,0.18599129334068729,0.09475138121546961,0.14285714285714285,0.07643312101910828,0.08648648648648649,0.11880426203630623,0.10437253354380426,0.7282377919320594,0.06307883030700795,23
2021,0,0,0.0,0,0.0,0.0,0,5,44.0,0,0.0,0.0,1.0,1.5739660664112307,0,88,129,1082.0,6,1.0,0.0,1253.0,348.0,54.0,47.04676894753929,1,0.0,18.82589813473944,4.440202819060902,5.513410073545945,10.519691280073515,17,0.2476007677543186,0.3127808287568647,0.2100181050090525,0.6216258146369698,0.3015607580824972,0.2222222222222222,0.32335329341317365,0.30927835051546393,0.2618914901523597,0.2856930509104422,2.076775431861804,0.16227759943413678,24
2021,0,0,0.0,0,0.0,0.0,0,0,0.0,0,0.0,0.0,0.0,0.0,0,11,21,105.0,0,0.0,0.0,178.0,18.0,6.0,-12.104881962764281,0,0.0,4.269170131670132,0.5612646737646738,0.6971655495479857,1.3299128953306008,7,0.07865168539325842,0.09324253535882661,0.023225806451612905,0.19257155637694892,0.06521739130434782,0.0,0.07407407407407407,0.06976744186046512,0.03260869565217391,0.052173913043478265,0.39325842696629215,0.043155359293456444,24
2021,0,0,0.0,0,0.0,0.0,0,0,0.0,0,0.0,0.0,0.0,0.0,0,8,23,133.0,0,0.0,0.0,268.0,49.0,5.0,-6.652713170672055,0,0.0,7.0342377523763036,0.7203534623550536,1.326750067127058,2.009255240521521,10,0.06424581005586592,0.10776035383996783,0.039902280130293157,0.18257699815577316,0.0572289156626506,0.0,0.040983606557377046,0.03676470588235294,0.0286144578313253,0.04578313253012048,0.3715083798882682,0.026229588946629558,24
2021,0,0,0.0,0,0.0,0.0,0,0,0.0,0,0.0,0.0,0.0,0.0,0,24,38,282.0,5,1.0,0.0,355.0,103.0,15.0,18.174912513681285,0,0.0,16.629411115410885,1.3410987097628975,1.573439054824223,3.1130554030213022,13,0.10026385224274406,0.1198919284025667,0.05974477958236659,0.24630932108616949,0.0843553694286569,0.25,0.10273972602739725,0.12048192771084337,0.16717768471432845,0.11748429554292553,0.7440633245382586,0.0693834830170842,24
2021,0,0,0.0,0,0.0,0.0,0,5,17.0,0,0.0,0.0,0.0,-1.2647379657719284,0,56,84,826.0,5,1.0,1.0,813.0,349.0,37.0,40.65078996943231,1,0.0,18.49874323896817,2.9131419829503353,3.436512842757984,6.775271964356091,16,0.1721311475409836,0.21182907764460657,0.1690891472868217,0.4276599834271607,0.20058280718795532,0.20833333333333334,0.19786096256684493,0.1990521327014218,0.20445807026064433,0.20213291241703096,1.6926229508196722,0.11883993245034961,23
2021,0,0,0.0,0,0.0,0.0,0,11,41.0,0,0.0,0.0,2.0,-1.2590741465101019,0,63,100,619.0,0,1.0,1.0,554.0,389.0,30.0,3.533698607247956,0,0.0,30.979391143521486,2.974039980899737,2.1104536452424303,5.938377523019307,16,0.17699115044247787,0.12636861313868614,0.2474554707379135,0.36658161617466567,0.18238067177371833,0.0,0.18518518518518517,0.1724137931034483,0.09119033588685917,0.14590453741897466,1.095575221238938,0.11234364771862781,23
2021,0,0,0.0,0,0.0,0.0,0,1,3.0,0,0.0,0.0,0.0,-0.16650627565104514,0,43,62,647.0,1,0.0,0.0,746.0,253.0,25.0,29.764245467151884,1,0.0,14.019580560005187,2.3018379569581406,3.021229343334939,5.567617475771668,17,0.12550607287449392,0.17635933806146573,0.14632735685367265,0.32934657976091347,0.1804741980474198,0.05,0.1497005988023952,0.13903743315508021,0.1152370990237099,0.15437935843793585,1.3097165991902835,0.08201357466063348,23
2021,0,0,0.0,0,0.0,0.0,0,0,0.0,0,0.0,0.0,0.0,0.0,0,15,22,204.0,2,0.0,0.0,251.0,95.0,9.0,8.348441617881095,1,0.0,6.89277170297752,0.5747664715406651,0.8712895202137032,1.47205237146059,5,0.1116751269035533,0.19763779527559056,0.11860174781523096,0.3256229265758024,0.15656178050652342,0.2857142857142857,0.13043478260869565,0.14473684210526316,0.22113803311040456,0.18239228154807588,1.0355329949238579,0.10811520616300448,23
2021,0,0,0.0,0,0.0,0.0,0,0,0.0,0,0.0,0.0,0.0,0.0,0,0,1,0.0,0,0.0,0.0,22.0,0.0,0.0,-0.8571832496672869,0,0.0,0.0,0.02702702702702703,0.06528189910979229,0.08623786991739514,1,0.02564102564102564,0.06358381502890173,0.0,0.08932859048465985,0.0,0.0,0.0,0.0,0.0,0.0,0.0,0.0,23
2021,0,0,0.0,0,0.0,0.0,0,6,32.0,1,0.0,0.0,2.0,0.9643581494456157,0,81,140,1055.0,4,0.0,0.0,1556.0,381.0,49.0,1.4899042949728005,0,0.0,11.520290363535413,4.63177848402491,6.01916963612241,11.16108647132305,17,0.25830258302583026,0.3468568880962996,0.2367930391547545,0.664939385015785,0.2902338376891334,0.25,0.2722222222222222,0.27040816326530615,0.2701169188445667,0.28218707015130673,1.9464944649446494,0.1748229489933954,24
2021,2,4,35.0,0,36.0,28.0,0,6,14.0,0,0.0,0.0,1.0,-2.2447933896328323,0,108,167,1616.0,10,1.0,1.0,2071.0,482.0,75.0,80.57113027379445,0,1.0,13.527427076608872,4.99988763913464,7.789226823579995,12.952290235207954,17,0.2764900662251656,0.4275392237819983,0.24896694214876033,0.756766478363347,0.36314606741573036,0.29411764705882354,0.3712871287128713,0.3601694915254237,0.32863185723727695,0.349340383344349,2.6754966887417218,0.2062421972534332,22
2021,0,0,0.0,0,0.0,0.0,0,14,96.0,0,0.0,0.0,7.0,3.820542685338296,0,59,105,860.0,2,0.0,0.0,1202.0,295.0,36.0,9.79091478392468,0,0.0,11.588407697825627,2.705443313488666,4.51066983833907,7.2156338570703475,15,0.18292682926829268,0.31623257037621677,0.16032608695652173,0.5273763002034124,0.24273214789726222,0.09523809523809523,0.2,0.1890547263681592,0.16898512156767873,0.21323333736542882,1.4982578397212543,0.1330012294231291,23
2021,0,0,0.0,0,0.0,0.0,0,7,50.0,0,0.0,0.0,3.0,2.461163314874284,0,33,47,272.0,2,0.0,0.0,284.0,141.0,14.0,7.448230200625511,0,0.0,27.721249106930223,1.3419903745560933,0.9458669822093263,2.675092449380668,15,0.08623853211009175,0.06024607551972847,0.09578804347826086,0.1775546585809204,0.07303974221267455,0.1111111111111111,0.0782122905027933,0.08121827411167512,0.09207542666189283,0.08065401599236187,0.4990825688073395,0.05856204390636142,24
2021,0,0,0.0,0,0.0,0.0,0,1,10.0,0,0.0,0.0,1.0,0.5470396659802645,0,50,82,655.0,7,0.0,0.0,855.0,179.0,26.0,14.589009455609798,0,0.0,15.74424298730745,2.4047385983838288,2.9992284238217164,5.706567794250945,17,0.1357615894039735,0.17650701899256813,0.09245867768595041,0.34484799930001475,0.14719101123595504,0.20588235294117646,0.12871287128712872,0.13983050847457626,0.17653668208856577,0.15892927957699934,1.0844370860927153,0.09893882646691636,24
2021,0,0,0.0,0,0.0,0.0,0,3,16.0,0,0.0,0.0,0.0,-1.1415737977949902,0,24,36,469.0,2,0.0,0.0,608.0,109.0,16.0,31.073412227007793,0,0.0,6.314689409627237,1.0112043798808505,1.8077133270260886,2.7822058987395377,7,0.13533834586466165,0.255677039529016,0.11401673640167365,0.4075491504202053,0.20669898633759365,0.16666666666666666,0.1702127659574468,0.16981132075471697,0.18668282650213014,0.19869252240340826,1.763157894736842,0.11810583400888938,22
2021,0,0,0.0,0,0.0,0.0,0,9,76.0,0,0.0,0.0,4.0,4.083713590283878,0,79,120,1102.0,6,0.0,0.0,1233.0,441.0,53.0,28.825307176290984,0,0.0,18.189744407042046,3.2123006890983232,4.177161207560411,7.742463878939772,16,0.2,0.26001687051876843,0.2089057318806253,0.5080134964150148,0.24019180470793375,0.15789473684210525,0.225531914893617,0.21611721611721613,0.1990432707750195,0.22373239113476806,1.8366666666666667,0.13615468294908234,22
2021,0,0,0.0,0,0.0,0.0,0,1,0.0,0,0.0,0.0,0.0,-1.8314442201517522,0,34,59,571.0,3,1.0,0.0,827.0,190.0,26.0,18.28261658765647,0,0.0,13.675081930897841,1.6410125208989887,2.7878180219581807,4.412991396719209,16,0.0978441127694859,0.16626457579412948,0.08566275924256087,0.2797778297895325,0.12394182765357065,0.13636363636363635,0.1262135922330097,0.12719298245614036,0.1301527320086035,0.1264261893955838,0.9469320066334992,0.07494779072323587,23
2021,0,0,0.0,0,0.0,0.0,0,0,0.0,0,0.0,0.0,0.0,0.0,0,3,3,30.0,0,0.0,0.0,18.0,12.0,1.0,1.762588310695719,0,0.0,1.6666666666666667,0.06521739130434782,0.04864864864864865,0.13188014101057577,1,0.06382978723404255,0.04945054945054945,0.09448818897637795,0.1353051204115034,0.08902077151335312,0.0,0.05,0.047619047619047616,0.04451038575667656,0.0712166172106825,0.6382978723404256,0.060496067755595885,24
2021,0,0,0.0,0,0.0,0.0,0,10,32.0,0,0.0,0.0,3.0,-1.5066254753619432,0,33,57,299.0,2,0.0,0.0,549.0,151.0,13.0,-10.805154635583916,0,0.0,19.20792609647557,2.0478166560883144,2.1744616419832528,4.593848133520749,17,0.11538461538461539,0.12978723404255318,0.08733371891266628,0.27690671031096564,0.08340306834030684,0.1,0.07784431137724551,0.08021390374331551,0.09170153417015342,0.08672245467224547,0.6052631578947368,0.055217760180995466,22
2021,0,0,0.0,0,0.0,0.0,0,2,3.0,0,0.0,0.0,0.0,-0.8548270971514285,0,38,56,467.0,0,1.0,0.0,595.0,178.0,22.0,15.397696799020858,0,0.0,9.939210967001141,2.010292180113152,2.5626300473735757,4.80927930333123,10,0.18855218855218855,0.24916247906197656,0.1755424063116371,0.48215826607786405,0.2266990291262136,0.0,0.23157894736842105,0.21153846153846154,0.1133495145631068,0.18135922330097087,1.5723905723905724,0.1096067053513862,22
2021,0,0,0.0,0,0.0,0.0,0,0,0.0,0,0.0,0.0,0.0,0.0,0,74,110,1091.0,6,1.0,1.0,1337.0,280.0,53.0,57.025179474621545,1,0.0,12.636776374552475,3.2933046074760726,4.761760489008303,8.273189253519922,14,0.23109243697478993,0.34854014598540145,0.13745704467353953,0.625470772250506,0.2628915662650602,0.2,0.292817679558011,0.2796208530805687,0.23144578313253011,0.2503132530120482,2.292016806722689,0.15452429649481628,22
2021,0,0,0.0,0,0.0,0.0,0,0,0.0,0,0.0,0.0,0.0,0.0,0,5,10,74.0,0,0.0,0.0,201.0,16.0,4.0,5.076087392983027,0,0.0,1.0283531720817272,0.32752100840336135,0.7472830891854028,1.014379675034824,3,0.10526315789473684,0.22308546059933407,0.05063291139240506,0.33636310532157254,0.08948004836759371,0.0,0.10526315789473684,0.09523809523809523,0.044740024183796856,0.07158403869407497,0.7789473684210526,0.04414696667616064,22
2021,0,0,0.0,0,0.0,0.0,0,2,20.0,0,0.0,0.0,1.0,1.3550202797632664,0,50,89,802.0,6,0.0,0.0,1195.0,220.0,32.0,33.40699237702511,0,0.0,13.154976523365026,2.4482135408004027,3.9422545338816093,6.43189848491773,17,0.14662273476112025,0.23276197896377093,0.10294805802526907,0.4061436853126972,0.16390762313509094,0.14634146341463414,0.13733905579399142,0.1386861313868613,0.15512454327486253,0.16039439119099957,1.3212520593080725,0.0988644111630969,25
2021,0,0,0.0,0,0.0,0.0,0,0,0.0,0,0.0,0.0,0.0,0.0,0,36,55,360.0,0,0.0,0.0,432.0,137.0,14.0,7.487266867442438,0,0.0,15.208806003395397,1.2881146816460627,1.1792997911024448,2.757681876240805,15,0.08358662613981763,0.08067226890756303,0.05959112657677251,0.1899177543357769,0.07416563658838071,0.0,0.05737704918032787,0.04929577464788732,0.037082818294190356,0.059332509270704575,0.547112462006079,0.04208901827364876,23
2021,0,0,0.0,0,0.0,0.0,0,0,0.0,0,0.0,0.0,0.0,0.0,0,0,1,0.0,0,0.0,0.0,5.0,0.0,0.0,-0.6472259720321745,0,0.0,0.0,0.03125,0.028735632183908046,0.06698994252873564,1,0.030303030303030304,0.028735632183908046,0.0,0.06844305120167189,0.0,0.0,0.0,0.0,0.0,0.0,0.0,0.0,24
2021,0,0,0.0,0,0.0,0.0,0,0,0.0,0,0.0,0.0,0.0,0.0,0,2,3,26.0,0,0.0,0.0,54.0,0.0,2.0,4.277141111512052,0,0.0,1.0,0.08571428571428572,0.2413672828740844,0.29752852658328766,2,0.04054054054054054,0.10756972111553785,0.0,0.1468665877032411,0.0497131931166348,0.0,0.07407407407407407,0.06666666666666667,0.0248565965583174,0.039770554493307846,0.35135135135135137,0.02699213707311348,24
2021,0,0,0.0,0,0.0,0.0,0,0,0.0,0,0.0,0.0,0.0,0.0,0,1,2,10.0,0,0.0,0.0,18.0,0.0,1.0,1.0964359322097152,0,0.0,0.5555555555555556,0.10526315789473684,0.144,0.25869473684210526,1,0.1,0.1323529411764706,0.0,0.2558823529411765,0.11494252873563218,0.0,0.3333333333333333,0.25,0.05747126436781609,0.09195402298850575,0.5,0.05885815185403177,23
2021,0,0,0.0,0,0.0,0.0,0,0,0.0,0,0.0,0.0,0.0,0.0,0,46,68,515.0,1,0.0,0.0,598.0,171.0,29.0,14.884151672314443,0,0.0,10.12736897448374,1.9337460543936573,2.1072238461914288,4.3756757739244865,12,0.15315315315315314,0.17080834047415025,0.14818024263431542,0.3663764021090499,0.1874090247452693,0.07692307692307693,0.20567375886524822,0.19480519480519481,0.1321660508341731,0.16531183518083084,1.15990990990991,0.1028602094969291,22
2021,0,0,0.0,0,0.0,0.0,0,0,0.0,0,0.0,0.0,0.0,0.0,0,33,60,446.0,1,0.0,0.0,637.0,131.0,22.0,-0.2516440965145508,0,0.0,12.606634688684832,1.8126800962530276,2.7718432828192694,4.65931044235303,14,0.1282051282051282,0.18952692650996728,0.08809683927370544,0.3439292335156661,0.1456088801828273,0.058823529411764705,0.15942028985507245,0.14838709677419354,0.10221620479729601,0.1282518100286148,0.9529914529914529,0.07899312117318014,22
2021,0,0,0.0,0,0.0,0.0,0,1,-3.0,0,0.0,0.0,0.0,-1.4008803889155388,0,6,11,104.0,0,0.0,0.0,74.0,71.0,3.0,-2.5148959513753653,0,0.0,1.4333333333333333,0.3035260333301949,0.19163975439148231,0.58943687806933,5,0.0625,0.05618830675778284,0.14760914760914762,0.1387006454062263,0.12037037037037036,0.0,0.07317073170731707,0.07142857142857142,0.06018518518518518,0.0962962962962963,0.5909090909090909,0.05665822072072072,23
2021,0,0,0.0,0,0.0,0.0,0,2,3.0,1,0.0,0.0,1.0,1.0270589049905539,0,104,140,1015.0,6,1.0,0.0,993.0,439.0,59.0,20.223480459799163,0,0.0,18.984680104003868,3.98272002762206,4.104576464489904,8.847283566576023,16,0.23809523809523808,0.2353080568720379,0.26573849878934624,0.5453893026404875,0.2713903743315508,0.3157894736842105,0.3010204081632653,0.3023255813953488,0.29358992400788064,0.28027019420208277,1.7261904761904763,0.19388154291526483,23
2021,0,0,0.0,0,0.0,0.0,0,4,59.0,0,0.0,0.0,2.0,7.535544990969356,0,10,20,64.0,1,0.0,0.0,252.0,32.0,4.0,-2.8561749197512194,0,0.0,3.8900462962962963,0.674931298021281,0.8098115011117791,1.579264997810167,8,0.08130081300813008,0.10298324478953821,0.04155844155844156,0.2043378153438257,0.03707995365005794,0.0625,0.05,0.052083333333333336,0.04978997682502897,0.04216396292004635,0.2601626016260163,0.04008839278125619,24
2021,0,0,0.0,0,0.0,0.0,0,1,-4.0,0,0.0,0.0,0.0,-1.2277511132415384,0,12,25,165.0,0,0.0,0.0,381.0,34.0,6.0,-1.5833218638767823,0,0.0,3.7013276132734263,0.7938639791580968,1.6211973456936564,2.3256341107227048,9,0.0847457627118644,0.1746905089408528,0.03386454183266932,0.2668710512204788,0.08414074451810301,0.0,0.06451612903225806,0.056074766355140186,0.042070372259051504,0.06731259561448241,0.559322033898305,0.04006615906692902,22
2021,0,0,0.0,0,0.0,0.0,0,0,0.0,0,0.0,0.0,0.0,0.0,0,5,8,49.0,1,0.0,0.0,109.0,3.0,4.0,-4.218251272744965,0,0.0,1.3645833333333333,0.20230314347961406,0.33199781824920815,0.5358531879938668,3,0.08,0.15527065527065528,0.010676156583629894,0.24421652421652423,0.07790143084260731,0.25,0.11428571428571428,0.1282051282051282,0.16395071542130366,0.11232114467408585,0.49,0.07005639760310187,24
2021,0,0,0.0,0,0.0,0.0,0,0,0.0,0,0.0,0.0,0.0,0.0,0,2,6,23.0,0,0.0,0.0,38.0,14.0,1.0,-2.7527126162312925,0,0.0,7.25,0.16783610533610532,0.1376288533920093,0.3480943553785645,4,0.041666666666666664,0.03518518518518519,0.0425531914893617,0.09064814814814814,0.027878787878787878,0.0,0.023809523809523808,0.02127659574468085,0.013939393939393939,0.022303030303030304,0.1597222222222222,0.013214505224339273,22
2021,0,0,0.0,0,0.0,0.0,0,0,0.0,0,0.0,0.0,0.0,0.0,0,5,6,116.0,2,0.0,0.0,128.0,17.0,4.0,11.404099471285008,0,0.0,2.8648989898989896,0.26406926406926406,0.4835199113976462,0.7345678340822483,3,0.07317073170731707,0.1606022584692597,0.10179640718562874,0.23823790433638337,0.22264875239923224,0.3333333333333333,0.21052631578947367,0.24,0.2779910428662828,0.24478566858605244,1.4146341463414633,0.13387006178618235,22
2021,0,0,0.0,0,0.0,0.0,0,0,0.0,0,0.0,0.0,0.0,0.0,0,2,6,8.0,0,1.0,1.0,67.0,9.0,0.0,-6.968731027736794,0,0.0,0.16666666666666669,0.20096153846153847,0.3438870210894398,0.5421632224549155,5,0.039473684210526314,0.05939716312056738,0.01882845188284519,0.10672825681224338,0.007714561234329798,0.0,0.0,0.0,0.003857280617164899,0.006171648987463838,0.05263157894736842,0.0019376089905057156,22
2021,0,0,0.0,0,0.0,0.0,0,0,0.0,0,0.0,0.0,0.0,0.0,0,1,1,34.0,0,0.0,0.0,30.0,4.0,1.0,2.065914782579057,0,0.0,1.1333333333333333,0.037037037037037035,0.13452914798206278,0.1497259591429995,1,0.03571428571428571,0.136986301369863,0.034482758620689655,0.16316046966731898,0.13821138211382114,0.0,0.09090909090909091,0.08333333333333333,0.06910569105691057,0.11056910569105692,1.2142857142857142,0.06133258990800111,21
2021,0,0,0.0,0,0.0,0.0,0,1,1.0,0,0.0,0.0,0.0,-0.6940288813202642,0,9,14,83.0,0,1.0,1.0,107.0,34.0,4.0,-5.622943584632594,0,0.0,8.03348649401281,0.42377486608117887,0.4340899023488633,0.9395252307659726,9,0.045307443365695796,0.04646113764654798,0.03297769156159069,0.10513007516578207,0.04031083050024284,0.0,0.0392156862745098,0.036036036036036036,0.02015541525012142,0.03224866440019427,0.2686084142394822,0.022092789716810602,22
2021,0,0,0.0,0,0.0,0.0,0,0,0.0,0,0.0,0.0,0.0,0.0,0,11,20,133.0,0,0.0,0.0,210.0,53.0,7.0,1.4085599618961409,0,0.0,6.378475292268396,0.586726950798959,0.7370501959559189,1.3960255633675815,7,0.08333333333333333,0.1097752221641401,0.06777493606138107,0.21282017773131207,0.06898340248962656,0.0,0.07692307692307693,0.06481481481481481,0.03449170124481328,0.05518672199170125,0.5541666666666667,0.03556166949599017,24
2021,0,0,0.0,0,0.0,0.0,0,1,11.0,0,0.0,0.0,1.0,0.6617195811122656,0,6,12,43.0,0,0.0,0.0,156.0,24.0,1.0,-9.377901166287083,0,0.0,1.0357142857142858,0.2880287216912869,0.4928094275017849,0.7770096817881798,7,0.039473684210526314,0.06851119894598155,0.02346041055718475,0.1140194854725747,0.02036949313121743,0.0,0.009708737864077669,0.008403361344537815,0.010184746565608716,0.016295594504973945,0.14144736842105263,0.01544004117344313,22
2021,0,0,0.0,0,0.0,0.0,0,7,21.0,0,0.0,0.0,2.0,-2.2270732577890158,0,81,128,1455.0,13,2.0,1.0,1617.0,651.0,56.0,65.33957198970779,0,0.0,19.847627380807666,3.9496073850613724,6.266376395521558,10.310874554457149,17,0.23063063063063063,0.3679180887372014,0.26945364238410596,0.640280416935707,0.30274656679151063,0.3611111111111111,0.2692307692307692,0.2827868852459016,0.33192883895131087,0.31441947565543077,2.6216216216216215,0.18426656342254272,21
2021,0,0,0.0,0,0.0,0.0,0,0,0.0,0,0.0,0.0,0.0,0.0,0,2,5,23.0,0,0.0,0.0,36.0,15.0,1.0,-9.422695572604425,0,0.0,2.316666666666667,0.12839889579020014,0.13036093418259023,0.2838509976131134,3,0.040983606557377046,0.043689320388349516,0.034482758620689655,0.09642686614674519,0.026744186046511628,0.0,0.022727272727272728,0.02127659574468085,0.013372093023255814,0.021395348837209303,0.1885245901639344,0.015653440116490714,22
2021,0,0,0.0,0,0.0,0.0,0,0,0.0,0,0.0,0.0,0.0,0.0,0,2,2,11.0,0,0.0,0.0,11.0,0.0,1.0,-0.3376889335922897,0,0.0,1.0,0.047619047619047616,0.038869257950530034,0.09863705199394245,1,0.046511627906976744,0.038869257950530034,0.0,0.10086284822088915,0.0502283105022831,0.0,0.1,0.08333333333333333,0.02511415525114155,0.04018264840182648,0.2558139534883721,0.03577198246018925,25
2021,0,0,0.0,0,0.0,0.0,0,0,0.0,0,0.0,0.0,0.0,0.0,0,64,104,916.0,5,1.0,1.0,1476.0,208.0,43.0,28.621990696259093,1,0.0,10.934628608910964,3.8643300658230944,6.458821643892697,10.317670249459528,17,0.21052631578947367,0.34893617021276596,0.12030075187969924,0.5949384098544233,0.2555090655509066,0.25,0.25748502994011974,0.25668449197860965,0.2527545327754533,0.25440725244072526,1.854251012145749,0.13122171945701355,23
2021,1,3,19.0,0,53.0,6.0,0,3,6.0,0,0.0,0.0,0.0,-3.3227411037660204,0,39,57,420.0,0,0.0,0.0,367.0,228.0,21.0,14.437597982451354,0,1.4615384615384615,11.562663150064246,1.5560284191381752,1.3135907568357783,3.2535561584923074,9,0.16863905325443787,0.15209283050145048,0.23217922606924643,0.3746328442828172,0.19933554817275748,0.0,0.20192307692307693,0.18584070796460178,0.09966777408637874,0.159468438538206,1.242603550295858,0.12225388908680677,22
2021,0,0,0.0,0,0.0,0.0,0,18,76.0,0,0.0,0.0,2.0,-0.16007382501265965,0,54,64,435.0,1,1.0,0.0,92.0,438.0,18.0,1.4988294399605673,0,0.0,9.225539977264114,2.0048386084561316,0.24958678950744045,3.1819686653394057,14,0.13617021276595745,0.02605494194279241,0.233102714209686,0.22509927270317012,0.11304573804573805,0.043478260869565216,0.1,0.09359605911330049,0.07826199945765164,0.09913224261050349,0.925531914893617,0.08100501633224451,21
2021,0,0,0.0,0,0.0,0.0,0,0,0.0,0,0.0,0.0,0.0,0.0,0,1,4,14.0,0,0.0,0.0,83.0,11.0,1.0,-3.1446534376009367,0,0.0,0.28,0.1611111111111111,0.3880678708264915,0.5133141762452107,2,0.08,0.18322295805739514,0.05759162303664921,0.26657836644591615,0.042682926829268296,0.0,0.058823529411764705,0.058823529411764705,0.0,0.0,0.28,0.027643400138217006,24
2021,0,0,0.0,0,0.0,0.0,0,0,0.0,0,0.0,0.0,0.0,0.0,0,17,30,138.0,0,0.0,0.0,211.0,63.0,7.0,-9.052667747649856,1,0.0,6.410147695441813,0.9014938097117682,1.0202429716152794,2.066410794698348,12,0.07042253521126761,0.06784565916398713,0.04642593957258659,0.1599103301480911,0.05211480362537765,0.0,0.05343511450381679,0.04929577464788732,0.026057401812688823,0.04169184290030212,0.323943661971831,0.03540128653455943,21
2021,0,0,0.0,0,0.0,0.0,0,7,61.0,1,0.0,0.0,2.0,5.091692552311541,0,90,119,912.0,5,0.0,0.0,831.0,424.0,48.0,51.13064180432879,2,0.0,23.621086423375747,3.6549974235459413,3.605180746603814,8.006122657941582,16,0.21402877697841727,0.22817133443163098,0.22362869198312235,0.5035802330129306,0.2534037232564601,0.22727272727272727,0.26373626373626374,0.25980392156862747,0.2403382252645937,0.24817752405971355,1.6402877697841727,0.17196767945769278,22
2021,0,0,0.0,0,0.0,0.0,0,5,54.0,1,0.0,0.0,3.0,5.487859735818347,0,43,77,538.0,5,0.0,0.0,899.0,207.0,24.0,-0.3437747868831327,0,0.0,7.50884552428569,2.148386178422683,3.336006062050485,5.557783511069364,11,0.17990654205607476,0.2888817480719794,0.1436502428868841,0.5009652115416956,0.18765259853505406,0.3333333333333333,0.16783216783216784,0.18354430379746836,0.2604929659341937,0.21678874549470994,1.2570093457943925,0.14982978815672496,21
2021,0,0,0.0,0,0.0,0.0,0,1,6.0,0,0.0,0.0,0.0,0.21983389207161963,0,33,49,353.0,4,0.0,0.0,489.0,100.0,18.0,12.516901655180872,0,0.0,16.021569093913925,1.2929485775902485,1.5940455965923443,3.0552547840000135,15,0.08207705192629816,0.1075907590759076,0.04666355576294914,0.20918818515017332,0.0782531589448016,0.12903225806451613,0.07929515418502203,0.08527131782945736,0.10364270850465887,0.08840897876874451,0.5912897822445561,0.058781098934473947,22
2021,0,0,0.0,0,0.0,0.0,0,1,11.0,0,0.0,0.0,1.0,0.9566852189600468,0,4,8,45.0,0,0.0,0.0,40.0,24.0,2.0,-3.602814701367114,0,0.0,17.345238095238095,0.24935064935064935,0.18032499981096944,0.5002534738936526,4,0.06153846153846154,0.043907793633369926,0.04580152671755725,0.12743392721438826,0.0528169014084507,0.0,0.045454545454545456,0.0392156862745098,0.02640845070422535,0.04225352112676056,0.34615384615384615,0.029332681495966764,22
2021,0,0,0.0,0,0.0,0.0,0,6,39.0,0,0.0,0.0,4.0,1.1481342581100762,0,10,23,135.0,1,0.0,0.0,396.0,10.0,6.0,-7.83959086597315,0,0.0,4.095702606572171,0.817774984906959,1.7574940907626337,2.456908340894282,12,0.06371191135734072,0.13147410358565736,0.007473841554559043,0.200747149904537,0.05125284738041002,0.0625,0.046153846153846156,0.04794520547945205,0.056876423690205014,0.053502277904328016,0.3739612188365651,0.03246311451509437,21
