,season,completions,attempts,passing_yards,passing_tds,passing_air_yards,passing_yards_after_catch,passing_2pt_conversions,carries,rushing_yards,rushing_tds,rushing_fumbles,rushing_fumbles_lost,rushing_first_downs,rushing_epa,rushing_2pt_conversions,receptions,targets,receiving_yards,receiving_tds,receiving_fumbles,receiving_fumbles_lost,receiving_air_yards,receiving_yards_after_catch,receiving_first_downs,receiving_epa,receiving_2pt_conversions,pacr,racr,target_share,air_yards_share,wopr_x,games,tgt_sh,ay_sh,yac_sh,wopr_y,ry_sh,rtd_sh,rfd_sh,rtdfd_sh,dom,w8dom,yptmpa,ppr_sh,age,predicted_points
92,2021,0,1,0.0,0,25.0,0.0,0,4,18.0,0,0.0,0.0,1.0,-1.437612365464151,0,145,191,1947.0,16,0.0,0.0,1641.0,846.0,89.0,111.88284767521604,1,0.0,21.944289806670792,5.495459006963327,5.641115282405869,12.191969208129098,17,0.314662273476112,0.3196338137904168,0.3958820776789892,0.7277004612465016,0.3979153893316983,0.3902439024390244,0.3819742489270386,0.3832116788321167,0.3940796458853614,0.3963810919531635,3.2075782537067545,0.2583288270284249,28,295.56168
192,2021,2,4,35.0,0,36.0,28.0,0,6,14.0,0,0.0,0.0,1.0,-2.2447933896328323,0,108,167,1616.0,10,1.0,1.0,2071.0,482.0,75.0,80.57113027379445,0,1.0,13.527427076608872,4.99988763913464,7.789226823579995,12.952290235207954,17,0.2764900662251656,0.4275392237819983,0.2489669421487603,0.756766478363347,0.3631460674157303,0.2941176470588235,0.3712871287128713,0.3601694915254237,0.3286318572372769,0.349340383344349,2.6754966887417218,0.2062421972534332,22,228.06953
30,2021,0,0,0.0,0,0.0,0.0,0,0,0.0,0,0.0,0.0,0.0,0.0,0,123,169,1553.0,11,0.0,0.0,1602.0,613.0,84.0,71.96588018300136,0,0.0,17.733517443704297,5.068822851721333,5.922834780054763,11.749218623620337,16,0.3039568345323741,0.3635125936010892,0.2683887915936953,0.7467453266794325,0.3576692768309534,0.2972972972972973,0.3733333333333333,0.3625954198473282,0.3274832870641254,0.3455948809242222,2.7931654676258995,0.2172541299107762,29,228.05583
223,2021,0,0,0.0,0,0.0,0.0,0,7,21.0,0,0.0,0.0,2.0,-2.227073257789016,0,81,128,1455.0,13,2.0,1.0,1617.0,651.0,56.0,65.33957198970779,0,0.0,19.847627380807666,3.949607385061373,6.266376395521558,10.310874554457149,17,0.2306306306306306,0.3679180887372014,0.2694536423841059,0.640280416935707,0.3027465667915106,0.3611111111111111,0.2692307692307692,0.2827868852459016,0.3319288389513108,0.3144194756554307,2.621621621621621,0.1842665634225427,21,227.93187
166,2021,1,2,24.0,1,39.0,0.0,0,59,365.0,8,0.0,0.0,21.0,20.849417409073794,0,77,121,1405.0,6,4.0,2.0,1029.0,780.0,51.0,55.31051865615728,0,1.0,22.455835197133734,4.19285525655663,4.623942092148814,9.526042349339114,16,0.25,0.2718626155878467,0.3733843944471038,0.5924900924702774,0.3395360077332044,0.25,0.2698412698412698,0.2676056338028169,0.2947680038666022,0.3216288061865636,2.902892561983471,0.2344413550787788,25,224.95149
32,2021,0,0,0.0,0,0.0,0.0,0,1,10.0,0,0.0,0.0,1.0,0.6375567223876715,0,74,114,1035.0,14,0.0,0.0,1504.0,239.0,56.0,65.69545162617443,0,0.0,12.30155659425663,2.6702531096609188,4.272908267469358,6.996415451719929,16,0.1628571428571428,0.2667612628591699,0.0959839357429718,0.4576947245730502,0.2009318578916715,0.3333333333333333,0.21455938697318,0.231023102310231,0.2671325956125024,0.2274121529800039,1.4785714285714286,0.1437222137053503,28,195.75746
65,2021,0,0,0.0,0,0.0,0.0,0,9,96.0,0,0.0,0.0,4.0,2.9771603627013974,0,111,159,1239.0,9,2.0,1.0,1647.0,444.0,75.0,62.36571529114821,0,0.0,13.925718638366003,4.214110234145003,6.005553916841985,10.525053093006894,17,0.2355555555555555,0.3319895182422898,0.1627565982404692,0.6189249479271652,0.2509621227466072,0.2432432432432432,0.2808988764044944,0.2763157894736842,0.2471026829949252,0.2494183468459344,1.835555555555556,0.1684008451280187,27,191.45348
38,2021,0,0,0.0,0,0.0,0.0,0,0,0.0,0,0.0,0.0,0.0,0.0,0,103,164,1225.0,10,1.0,0.0,1827.0,326.0,66.0,31.989855666641777,0,0.0,11.939804097156946,4.602143666906507,6.005575245547312,11.107118172242878,17,0.250381679389313,0.3411764705882353,0.1861793260993718,0.6485136955545577,0.2752808988764045,0.2777777777777778,0.2796610169491525,0.2794117647058823,0.2765293383270911,0.2757802746566792,1.870229007633588,0.1673014942865514,28,188.66759
82,2021,0,0,0.0,0,0.0,0.0,0,0,0.0,0,0.0,0.0,0.0,0.0,0,76,129,1146.0,9,0.0,0.0,1497.0,415.0,51.0,65.61528882257889,1,0.0,17.3906956093602,3.2168064517046155,4.725027926600804,8.132729226177485,16,0.2018779342723004,0.3094253823894171,0.1893248175182481,0.5503572073199844,0.24497648567764,0.2432432432432432,0.2151898734177215,0.218978102189781,0.2441098644604416,0.2446298371907606,1.7934272300469485,0.1447675852109286,27,177.74896
48,2021,0,0,0.0,0,0.0,0.0,0,2,9.0,0,0.0,0.0,0.0,-0.1552220984012819,0,73,107,1175.0,8,0.0,0.0,1562.0,277.0,41.0,52.56914624355258,1,0.0,14.901420085278772,3.881308294954305,5.971998832839836,10.002361625419343,16,0.230603448275862,0.371021377672209,0.1666666666666666,0.6427222745515604,0.3211259907078437,0.2666666666666666,0.2578616352201258,0.2592592592592592,0.2938963286872552,0.3102341258996083,2.5323275862068964,0.1716121877354869,29,175.20221
160,2021,0,0,0.0,0,0.0,0.0,0,1,6.0,0,0.0,0.0,0.0,0.2224415294476784,0,75,129,967.0,12,1.0,0.0,1636.0,328.0,48.0,28.66440862117452,0,0.0,11.823169079367894,4.71569168596121,6.566579151264192,11.67014293482675,17,0.2606060606060606,0.3541892184455509,0.1881812966150315,0.6742604656655318,0.2534731323722149,0.4,0.2891566265060241,0.3061224489795918,0.3267365661861074,0.282778505897772,1.9535353535353532,0.1676157804459691,24,174.2489
139,2021,0,0,0.0,0,0.0,0.0,0,5,53.0,0,0.0,0.0,2.0,3.939951023843605,0,107,169,1161.0,8,2.0,2.0,1440.0,527.0,59.0,23.83452878148617,1,0.0,18.067807355322877,4.463274808352448,5.375308364141902,10.457628067428002,16,0.2788778877887788,0.350279737290197,0.2828770799785292,0.6985406215153259,0.3138686131386861,0.3636363636363636,0.3138297872340425,0.319047619047619,0.3387524883875249,0.3238221632382216,1.915841584158416,0.2080900307888311,25,173.07889
130,2021,0,0,0.0,0,0.0,0.0,0,3,3.0,0,0.0,0.0,0.0,-1.602576220058836,0,103,128,1038.0,9,1.0,1.0,828.0,452.0,51.0,51.40004696860901,0,0.0,22.238638187450142,3.5783450335443976,2.9150985165325816,7.408086511889404,17,0.2038216560509554,0.1618768328445747,0.197293758184199,0.435233950352093,0.2158901830282862,0.391304347826087,0.2350230414746544,0.25,0.3035972654271865,0.2509730159878464,1.6528662420382163,0.1693663306794263,26,163.28523
197,2021,0,0,0.0,0,0.0,0.0,0,9,76.0,0,0.0,0.0,4.0,4.083713590283878,0,79,120,1102.0,6,0.0,0.0,1233.0,441.0,53.0,28.825307176290984,0,0.0,18.18974440704205,3.2123006890983232,4.177161207560411,7.742463878939772,16,0.2,0.2600168705187684,0.2089057318806253,0.5080134964150148,0.2401918047079337,0.1578947368421052,0.225531914893617,0.2161172161172161,0.1990432707750195,0.223732391134768,1.836666666666667,0.1361546829490823,22,157.44678
18,2021,0,1,0.0,0,14.0,0.0,1,0,0.0,0,0.0,0.0,0.0,0.0,0,106,157,1138.0,6,1.0,0.0,1310.0,337.0,66.0,31.648160211185925,0,0.0,14.91658052138574,4.110302646741504,4.855718497172692,9.56445691813314,16,0.2441679626749611,0.2699361219864001,0.1485235786690172,0.5822008416015618,0.2401350495885207,0.1714285714285714,0.2738589211618257,0.2608695652173913,0.2057818105085461,0.2263937539565309,1.7698289269051322,0.1522147302292077,29,154.45389
182,2021,0,0,0.0,0,0.0,0.0,0,5,44.0,0,0.0,0.0,1.0,1.5739660664112307,0,88,129,1082.0,6,1.0,0.0,1253.0,348.0,54.0,47.04676894753929,1,0.0,18.82589813473944,4.440202819060902,5.513410073545945,10.519691280073516,17,0.2476007677543186,0.3127808287568647,0.2100181050090525,0.6216258146369698,0.3015607580824972,0.2222222222222222,0.3233532934131736,0.3092783505154639,0.2618914901523597,0.2856930509104422,2.076775431861804,0.1622775994341367,24,154.18094
202,2021,0,0,0.0,0,0.0,0.0,0,0,0.0,0,0.0,0.0,0.0,0.0,0,74,110,1091.0,6,1.0,1.0,1337.0,280.0,53.0,57.025179474621545,1,0.0,12.636776374552475,3.293304607476073,4.761760489008303,8.273189253519922,14,0.2310924369747899,0.3485401459854014,0.1374570446735395,0.625470772250506,0.2628915662650602,0.2,0.292817679558011,0.2796208530805687,0.2314457831325301,0.2503132530120482,2.292016806722689,0.1545242964948162,22,152.47086
123,2021,0,0,0.0,0,0.0,0.0,0,8,48.0,0,0.0,0.0,4.0,7.407705761317629,0,93,163,1157.0,4,1.0,1.0,1730.0,426.0,60.0,8.43850797346094,1,0.0,11.939969880520614,4.8387527785588045,7.128489422217062,12.24807176339015,17,0.2721202003338898,0.3909604519774011,0.2336807460230389,0.7209486620827557,0.3238175202910719,0.2857142857142857,0.3448275862068966,0.3404255319148936,0.3047659030026788,0.3161968733757147,1.9315525876460768,0.1923980492863045,24,149.5435
22,2021,0,1,0.0,0,18.0,0.0,0,153,618.0,6,1.0,0.0,29.0,-15.485663559607929,0,52,69,548.0,5,0.0,0.0,214.0,385.0,26.0,19.0910259758063,0,0.0,-4.7657231657231645,2.045510090268155,0.74366223374993,3.588828699027183,16,0.1275415896487985,0.0542733958914532,0.2305389221556886,0.2347311011863603,0.1431183076521285,0.25,0.1375661375661375,0.1483253588516746,0.1965591538260642,0.1644946461217027,1.0129390018484288,0.1864627710307115,30,147.9028
93,2021,0,0,0.0,0,0.0,0.0,0,4,21.0,1,0.0,0.0,4.0,3.0718219943228178,0,98,127,1103.0,5,2.0,2.0,931.0,586.0,55.0,36.05648674908548,0,0.0,18.649696843320267,2.9557375845861795,2.73695607499135,6.349475629373214,14,0.2078559738134206,0.1931134619373574,0.2678244972577696,0.4662747302700168,0.2498301245753114,0.1388888888888889,0.2444444444444444,0.2298850574712643,0.1943595067321001,0.2276418774380269,1.8052373158756136,0.1540318993454915,25,147.81367
27,2021,0,0,0.0,0,0.0,0.0,0,2,21.0,0,0.0,0.0,1.0,0.8301585712470114,0,90,134,1037.0,6,0.0,0.0,1423.0,344.0,45.0,24.50105738538634,0,0.0,12.673416050367416,4.35361048534085,6.3857109386125765,11.000413385040078,16,0.2581888246628131,0.3756599788806758,0.2141967621419676,0.6878112200987603,0.3071682464454976,0.3157894736842105,0.304054054054054,0.3053892215568862,0.311478860064854,0.3088924918932402,1.998073217726397,0.2060554340675947,28,147.5495
212,2021,0,0,0.0,0,0.0,0.0,0,2,3.0,1,0.0,0.0,1.0,1.027058904990554,0,104,140,1015.0,6,1.0,0.0,993.0,439.0,59.0,20.223480459799163,0,0.0,18.984680104003868,3.98272002762206,4.104576464489904,8.847283566576023,16,0.238095238095238,0.2353080568720379,0.2657384987893462,0.5453893026404875,0.2713903743315508,0.3157894736842105,0.3010204081632653,0.3023255813953488,0.2935899240078806,0.2802701942020827,1.7261904761904765,0.1938815429152648,23,146.81699
163,2021,0,0,0.0,0,0.0,0.0,0,1,5.0,0,0.0,0.0,1.0,0.9444636923726648,0,91,146,1008.0,6,3.0,1.0,1622.0,388.0,41.0,12.836530107876277,0,0.0,11.59745187806332,4.207744651128039,4.974421728764248,9.793712186827031,16,0.2539130434782609,0.3211245297960799,0.240545567265964,0.6377691890542554,0.2490118577075099,0.2857142857142857,0.2081218274111675,0.2155963302752293,0.2673630717108978,0.2563523433088651,1.7530434782608697,0.1566827295890107,24,142.67455
162,2021,0,0,0.0,0,0.0,0.0,0,1,12.0,0,0.0,0.0,1.0,0.7791807051980868,0,77,130,1053.0,5,0.0,0.0,1697.0,317.0,47.0,12.17581440386006,0,0.0,13.379697002722404,4.18475802733335,7.094454764711305,11.243255376297938,17,0.2363636363636363,0.4120932491500728,0.167017913593256,0.6842200538655128,0.2810998398291511,0.238095238095238,0.2596685082872928,0.2574257425742574,0.2595975389621946,0.2724989194823685,1.9145454545454543,0.1597408233199156,26,142.67441
34,2021,0,0,0.0,0,0.0,0.0,0,0,0.0,0,0.0,0.0,0.0,0.0,0,68,104,865.0,8,1.0,0.0,1142.0,235.0,45.0,48.59326587051843,0,0.0,13.070074995561622,2.7641756857202484,3.851331928762217,6.842195878713924,15,0.1867145421903052,0.2587808746884206,0.1195928753180661,0.4870965130361943,0.1978499542543458,0.2105263157894736,0.2036199095022624,0.2046332046332046,0.2041881350219097,0.2003852265613714,1.5529622980251347,0.1227734057645903,27,141.70958
191,2021,0,0,0.0,0,0.0,0.0,0,6,32.0,1,0.0,0.0,2.0,0.9643581494456156,0,81,140,1055.0,4,0.0,0.0,1556.0,381.0,49.0,1.4899042949728003,0,0.0,11.520290363535413,4.63177848402491,6.01916963612241,11.16108647132305,17,0.2583025830258302,0.3468568880962996,0.2367930391547545,0.664939385015785,0.2902338376891334,0.25,0.2722222222222222,0.2704081632653061,0.2701169188445667,0.2821870701513067,1.9464944649446492,0.1748229489933954,24,140.34854
231,2021,0,0,0.0,0,0.0,0.0,0,7,61.0,1,0.0,0.0,2.0,5.091692552311541,0,90,119,912.0,5,0.0,0.0,831.0,424.0,48.0,51.13064180432879,2,0.0,23.621086423375747,3.654997423545941,3.605180746603814,8.006122657941582,16,0.2140287769784172,0.2281713344316309,0.2236286919831223,0.5035802330129306,0.2534037232564601,0.2272727272727272,0.2637362637362637,0.2598039215686274,0.2403382252645937,0.2481775240597135,1.640287769784173,0.1719676794576927,22,138.98508
15,2021,0,0,0.0,0,0.0,0.0,0,1,2.0,0,0.0,0.0,0.0,-0.1940601826645434,0,67,95,726.0,10,1.0,0.0,903.0,239.0,37.0,23.94186932875456,0,0.0,10.933711930496012,2.6463330606747246,3.477316504769681,6.403621144350863,13,0.1946721311475409,0.2449810092240911,0.1413364872856298,0.4879930041005844,0.1960572508776667,0.3846153846153846,0.2138728323699422,0.236180904522613,0.2903363177465257,0.2337688776252103,1.4877049180327868,0.1540573049995373,31,138.79218
121,2021,1,1,33.0,0,33.0,0.0,0,1,11.0,0,0.0,0.0,1.0,0.6512457074131817,0,77,103,982.0,5,0.0,0.0,1189.0,243.0,44.0,51.09938797153092,0,1.0,16.149421153488504,3.123731658943694,4.698994164001606,7.974893403216665,17,0.1742808798646362,0.2694312259234081,0.1066257130320316,0.4769663005356808,0.2126001298982463,0.1851851851851851,0.205607476635514,0.2033195020746888,0.1988926575417157,0.2071171409556341,1.661590524534687,0.1259402144902217,25,136.43507
74,2021,1,1,25.0,1,22.0,3.0,0,12,125.0,0,0.0,0.0,7.0,9.5788863869966,0,55,70,800.0,5,1.0,1.0,592.0,385.0,27.0,42.377612264712354,0,1.1363636363636365,29.42091434494737,2.2061978624979224,2.172789462415916,4.830249417438025,17,0.1308411214953271,0.1380597014925373,0.1984536082474226,0.3067094434370205,0.1952171791117618,0.2083333333333333,0.1443850267379679,0.1516587677725118,0.2017752562225476,0.1978404099560761,1.4953271028037385,0.1201075311747248,26,128.8595
226,2021,0,0,0.0,0,0.0,0.0,0,0,0.0,0,0.0,0.0,0.0,0.0,0,64,104,916.0,5,1.0,1.0,1476.0,208.0,43.0,28.621990696259093,1,0.0,10.934628608910964,3.8643300658230944,6.458821643892697,10.317670249459528,17,0.2105263157894736,0.3489361702127659,0.1203007518796992,0.5949384098544233,0.2555090655509066,0.25,0.2574850299401197,0.2566844919786096,0.2527545327754533,0.2544072524407252,1.854251012145749,0.1312217194570135,23,128.81036
204,2021,0,0,0.0,0,0.0,0.0,0,2,20.0,0,0.0,0.0,1.0,1.3550202797632664,0,50,89,802.0,6,0.0,0.0,1195.0,220.0,32.0,33.40699237702511,0,0.0,13.154976523365026,2.4482135408004027,3.942254533881609,6.43189848491773,17,0.1466227347611202,0.2327619789637709,0.102948058025269,0.4061436853126972,0.1639076231350909,0.1463414634146341,0.1373390557939914,0.1386861313868613,0.1551245432748625,0.1603943911909995,1.3212520593080723,0.0988644111630969,25,124.64723
64,2021,1,1,46.0,0,-4.0,50.0,0,2,22.0,0,0.0,0.0,1.0,1.3555669034831226,0,67,94,828.0,5,1.0,0.0,728.0,389.0,37.0,20.24410014353026,0,0.0,17.961749666297273,3.110998419282404,3.0812528751852053,6.823374641553249,16,0.1787072243346007,0.1720633419995273,0.1686172518422193,0.405711510101523,0.1773019271948608,0.1428571428571428,0.1813725490196078,0.1757322175732217,0.1600795350260018,0.1704129703273172,1.5741444866920151,0.1148210605208919,27,122.593704
164,2021,0,2,0.0,0,42.0,0.0,0,2,10.0,0,0.0,0.0,1.0,0.552041839924641,0,63,105,869.0,5,0.0,0.0,1218.0,235.0,45.0,33.82721048599469,0,0.0,8.96489038855293,3.5990189195336253,5.798858561488621,9.457729372342472,13,0.2611940298507462,0.3910112359550561,0.1743323442136498,0.7046000335401643,0.2887043189368771,0.238095238095238,0.2941176470588235,0.2873563218390804,0.2633997785160575,0.2785825027685493,2.1616915422885574,0.158157020458122,24,122.261795
186,2021,0,0,0.0,0,0.0,0.0,0,5,17.0,0,0.0,0.0,0.0,-1.2647379657719284,0,56,84,826.0,5,1.0,1.0,813.0,349.0,37.0,40.65078996943231,1,0.0,18.49874323896817,2.9131419829503358,3.436512842757984,6.775271964356091,16,0.1721311475409836,0.2118290776446065,0.1690891472868217,0.4276599834271607,0.2005828071879553,0.2083333333333333,0.1978609625668449,0.1990521327014218,0.2044580702606443,0.2021329124170309,1.6926229508196722,0.1188399324503496,23,122.01041
195,2021,0,0,0.0,0,0.0,0.0,0,1,10.0,0,0.0,0.0,1.0,0.5470396659802645,0,50,82,655.0,7,0.0,0.0,855.0,179.0,26.0,14.589009455609798,0,0.0,15.74424298730745,2.4047385983838288,2.9992284238217164,5.706567794250945,17,0.1357615894039735,0.1765070189925681,0.0924586776859504,0.3448479993000147,0.147191011235955,0.2058823529411764,0.1287128712871287,0.1398305084745762,0.1765366820885657,0.1589292795769993,1.0844370860927153,0.0989388264669163,24,115.54936
11,2021,0,0,0.0,0,0.0,0.0,0,0,0.0,0,0.0,0.0,0.0,0.0,0,73,120,832.0,4,0.0,0.0,1422.0,132.0,42.0,25.553950244378097,0,0.0,10.879411410703662,3.5223477289330947,5.218533041763272,8.936494722633933,17,0.1986754966887417,0.2988022693843244,0.0805369127516778,0.5370550605405721,0.2264561785519869,0.3333333333333333,0.2359550561797752,0.2421052631578947,0.2798947559426601,0.2478316095082562,1.3774834437086092,0.1485744438764572,31,114.25838
178,2021,0,0,0.0,0,0.0,0.0,0,0,0.0,0,0.0,0.0,0.0,0.0,0,46,84,698.0,6,0.0,0.0,1060.0,144.0,32.0,27.968855190039477,0,0.0,10.700486203316842,3.1799076205107486,5.166423948698589,8.386358194855134,17,0.1666666666666666,0.2833466987436514,0.0856123662306777,0.4766773589949211,0.203084084957812,0.2068965517241379,0.1939393939393939,0.1958762886597938,0.2049903183409749,0.2038465783110772,1.3849206349206349,0.116654371080782,23,113.636215
193,2021,0,0,0.0,0,0.0,0.0,0,14,96.0,0,0.0,0.0,7.0,3.820542685338296,0,59,105,860.0,2,0.0,0.0,1202.0,295.0,36.0,9.79091478392468,0,0.0,11.588407697825629,2.705443313488666,4.51066983833907,7.2156338570703475,15,0.1829268292682926,0.3162325703762167,0.1603260869565217,0.5273763002034124,0.2427321478972622,0.0952380952380952,0.2,0.1890547263681592,0.1689851215676787,0.2132333373654288,1.4982578397212545,0.1330012294231291,23,111.89311
113,2021,0,0,0.0,0,0.0,0.0,0,3,32.0,0,0.0,0.0,2.0,2.7569728402304463,0,40,60,513.0,8,0.0,0.0,653.0,168.0,28.0,36.58736934207987,0,0.0,13.579709671003023,1.783169301444918,2.680258393041543,4.550934827296457,14,0.1209677419354838,0.1679526748971193,0.0866873065015479,0.3158137528209213,0.1385737439222042,0.2758620689655172,0.1450777202072538,0.1621621621621621,0.2072179064438607,0.1660314089308668,1.034274193548387,0.1059416540280132,26,111.31087
76,2021,0,0,0.0,0,0.0,0.0,0,0,0.0,0,0.0,0.0,0.0,0.0,0,53,85,734.0,5,0.0,0.0,995.0,202.0,39.0,37.65879882428589,0,0.0,12.18323914293202,2.8696835672986567,4.098323908327614,7.173352086777315,16,0.1656920077972709,0.2291043057794151,0.1248454882571075,0.4318214563194386,0.2033240997229917,0.2631578947368421,0.2321428571428571,0.2352941176470588,0.2332409972299169,0.2152908587257617,1.4307992202729043,0.1209964412811387,28,110.76995
21,2021,0,0,0.0,0,0.0,0.0,0,0,0.0,0,0.0,0.0,0.0,0.0,0,42,64,572.0,8,0.0,0.0,788.0,140.0,32.0,42.37796969614686,0,0.0,8.925950410138704,2.034366827932508,3.322744596837171,5.377471459684781,10,0.2,0.2971342383107089,0.1104100946372239,0.5377073906485672,0.205607476635514,0.4210526315789473,0.2539682539682539,0.2758620689655172,0.3133300541072307,0.2486965076242007,1.7875,0.1455293233677383,29,110.29953
5,2021,0,0,0.0,0,0.0,0.0,0,0,0.0,0,0.0,0.0,0.0,0.0,0,54,92,848.0,3,0.0,0.0,1109.0,181.0,37.0,29.420385656513343,0,0.0,12.32139607765746,2.637033525216123,4.302691044699089,6.967434019113547,16,0.1631205673758865,0.2583275098998369,0.0867689357622243,0.4513428589836993,0.1955268618860964,0.1153846153846153,0.1822660098522167,0.1746724890829694,0.1554557386353559,0.1794984125858002,1.50354609929078,0.1017006317373425,33,108.94949
110,2021,3,3,88.0,0,67.0,21.0,0,2,11.0,0,0.0,0.0,1.0,1.9798408342758196,0,45,61,602.0,6,1.0,0.0,581.0,260.0,27.0,34.777382763575545,1,4.260416666666667,16.46539515965252,1.6291636049307845,1.905575515664411,3.777648268361264,14,0.114018691588785,0.133716915995397,0.1371308016877637,0.2780015701794951,0.14364113576712,0.1666666666666666,0.1285714285714285,0.1341463414634146,0.1551539012168933,0.1482462419470293,1.125233644859813,0.0962282083664249,26,105.692795
109,2021,0,0,0.0,0,0.0,0.0,0,0,0.0,0,0.0,0.0,0.0,0.0,0,66,94,770.0,4,2.0,2.0,876.0,248.0,37.0,9.49708630586398,0,0.0,14.987318790665505,3.0649776298969846,3.675877511941936,7.170580703204832,13,0.2227488151658767,0.2914171656686626,0.1918020108275328,0.5672569552837453,0.2589976454759502,0.3636363636363636,0.2661870503597122,0.2733333333333333,0.3113170045561569,0.2799253891080329,1.8246445497630333,0.1757374504053821,25,104.40129
129,2021,2,2,45.0,0,11.0,34.0,0,1,9.0,0,0.0,0.0,0.0,0.923072559235152,0,83,126,866.0,2,1.0,1.0,1221.0,222.0,42.0,16.989091447288686,2,4.090909090909091,12.137931814400524,3.818217656762049,4.795831940691399,9.084408843627052,16,0.2368421052631578,0.2857477182307512,0.1151452282157676,0.5838613324793378,0.2123069379749938,0.0833333333333333,0.2258064516129032,0.2095238095238095,0.1478201356541636,0.1865122170466617,1.6278195488721805,0.1269108150085833,25,102.90468
177,2021,0,0,0.0,0,0.0,0.0,0,0,0.0,0,0.0,0.0,0.0,0.0,0,35,63,549.0,6,0.0,0.0,846.0,132.0,29.0,20.69838585724808,0,0.0,12.51008606316706,1.6893925364509967,2.5668818100380286,4.330906071703115,15,0.1095652173913043,0.1788583509513742,0.0863874345549738,0.3074345068480559,0.1387414708112206,0.1935483870967742,0.1394230769230769,0.1464435146443514,0.1661449289539974,0.1497028540683313,0.954782608695652,0.0842264413492286,22,98.8716
232,2021,0,0,0.0,0,0.0,0.0,0,5,54.0,1,0.0,0.0,3.0,5.487859735818347,0,43,77,538.0,5,0.0,0.0,899.0,207.0,24.0,-0.3437747868831327,0,0.0,7.50884552428569,2.148386178422683,3.336006062050485,5.557783511069364,11,0.1799065420560747,0.2888817480719794,0.1436502428868841,0.5009652115416956,0.187652598535054,0.3333333333333333,0.1678321678321678,0.1835443037974683,0.2604929659341937,0.2167887454947099,1.2570093457943925,0.1498297881567249,21,97.63884
105,2021,1,1,16.0,0,15.0,1.0,0,0,0.0,0,0.0,0.0,0.0,0.0,0,58,98,776.0,2,0.0,0.0,1509.0,135.0,35.0,20.10111837010122,1,1.0666666666666669,10.128864363037687,3.09028538187106,5.207066895984313,8.280374899995609,17,0.1811460258780036,0.3307759754493643,0.0778546712802768,0.536339819176497,0.2012448132780083,0.1,0.1955307262569832,0.185929648241206,0.1506224066390041,0.1809958506224066,1.4343807763401109,0.1101191785038919,26,97.18681
2,2021,0,0,0.0,0,0.0,0.0,0,2,31.0,0,0.0,0.0,2.0,2.025341064610984,0,42,72,626.0,4,0.0,0.0,1077.0,85.0,31.0,25.777480036758917,0,0.0,10.59797690838941,1.9957457676766772,3.4014869204364957,5.374659495820563,14,0.1311475409836065,0.244661517492049,0.0552306692657569,0.3924505254690491,0.1619244697361614,0.1290322580645161,0.154228855721393,0.1508620689655172,0.1454783639003387,0.1553460274018323,1.140255009107468,0.091716924105464,34,95.408615
19,2021,0,0,0.0,0,0.0,0.0,0,8,46.0,1,0.0,0.0,1.0,1.9396912073134445,0,45,69,556.0,4,0.0,0.0,563.0,198.0,34.0,29.56531766193761,1,0.0,9.41497256872314,1.9589071515701504,1.9122299474569917,4.27692169057512,9,0.2123076923076923,0.2079025110782865,0.1563981042654028,0.4847835473241677,0.2002881844380403,0.1739130434782608,0.2481751824817518,0.2375,0.1871006139581505,0.1950131562460844,1.7107692307692308,0.1427174568831006,29,94.14459
103,2021,0,0,0.0,0,0.0,0.0,0,0,0.0,0,0.0,0.0,0.0,0.0,0,42,60,568.0,5,0.0,0.0,641.0,187.0,32.0,36.73909083536926,0,0.0,19.610158014732264,1.61565275136528,2.3538321589899422,4.07116163834088,16,0.0940438871473354,0.1384449244060475,0.0712380952380952,0.2518217702458412,0.1190526095158247,0.1388888888888889,0.1240310077519379,0.1258503401360544,0.1289707492023568,0.1230198653904376,0.890282131661442,0.0757762951980891,28,94.00894
55,2021,0,0,0.0,0,0.0,0.0,0,3,36.0,0,0.0,0.0,1.0,2.224925854592584,0,53,110,519.0,5,0.0,0.0,1156.0,158.0,27.0,-28.594330022858596,0,0.0,10.154098182183292,3.104134815537487,4.182035921353724,7.583627368253837,17,0.1836393989983305,0.2612429378531073,0.0866703236423477,0.4844534487799817,0.1452560873215785,0.3571428571428571,0.1551724137931034,0.1702127659574468,0.2511994722322178,0.1876334412858342,0.8664440734557596,0.1121984413732765,28,92.169846
26,2021,0,0,0.0,0,0.0,0.0,0,2,14.0,0,0.0,0.0,1.0,0.465976511593908,0,44,82,537.0,5,0.0,0.0,1092.0,151.0,27.0,9.278478546044834,0,0.0,7.570607872977802,2.4896439240919217,3.714189645125371,6.334398637725642,14,0.1733615221987315,0.2660818713450292,0.0965473145780051,0.4729077803741207,0.1540005735589331,0.2083333333333333,0.1666666666666666,0.1720430107526881,0.1811669534461332,0.1648671255138132,1.135306553911205,0.1032981804797644,29,91.51137
52,2021,0,0,0.0,0,0.0,0.0,0,4,28.0,0,0.0,0.0,2.0,1.4138049385510385,0,48,71,576.0,4,0.0,0.0,725.0,262.0,27.0,17.047283275853175,0,0.0,14.348861983364822,2.2414740949264464,3.804086712007604,6.025071840794992,16,0.1276978417266187,0.2053824362606232,0.1329274479959411,0.3558527115984267,0.1590281612368857,0.1904761904761904,0.149171270718232,0.1534653465346534,0.174752175856538,0.1653177670847466,1.0359712230215827,0.1013642836362522,27,91.30229
136,2021,0,0,0.0,0,0.0,0.0,0,8,46.0,0,1.0,1.0,2.0,-1.5545336874201894,0,59,83,693.0,2,1.0,1.0,612.0,502.0,33.0,17.99454054358648,0,0.0,39.42471836123554,2.171196071424179,2.3189625265574185,4.8800678757264615,17,0.1229629629629629,0.1233622253577907,0.1840175953079179,0.283134224730677,0.1403686449260684,0.054054054054054,0.1235955056179775,0.1151315789473684,0.0972113494900612,0.1231057267516655,1.0266666666666666,0.0800258990844446,23,88.78032
31,2021,0,0,0.0,0,0.0,0.0,0,6,40.0,2,1.0,0.0,4.0,5.013085333448405,0,52,87,570.0,2,1.0,1.0,677.0,286.0,28.0,-13.182096038417802,0,0.0,14.61588888507212,2.9378012287729653,2.953231408618899,6.473963829192677,12,0.2396694214876033,0.2382125263898662,0.2300884955752212,0.550074153343298,0.2256532066508313,0.1333333333333333,0.2276422764227642,0.217391304347826,0.1794932699920823,0.2071892319873317,1.5702479338842976,0.1412579391210145,29,88.24556
4,2021,0,0,0.0,0,0.0,0.0,0,1,6.0,0,0.0,0.0,0.0,0.308483928674832,0,42,62,545.0,4,0.0,0.0,734.0,190.0,29.0,33.95373083089263,0,0.0,5.257426073877827,1.6163659903950889,2.13600970526062,3.919755779275068,7,0.2094594594594594,0.2655571635311143,0.1826923076923076,0.5266349200140806,0.2354211663066954,0.2,0.2338709677419354,0.2291666666666666,0.2177105831533477,0.2283369330453563,1.841216216216216,0.1486071910663885,33,87.847
147,2021,0,0,0.0,0,0.0,0.0,0,7,34.0,0,1.0,0.0,2.0,-0.9758450072258712,0,31,48,448.0,3,0.0,0.0,503.0,149.0,21.0,26.991135289979866,0,0.0,16.755127635752636,1.17530671408839,1.737951993008745,2.9795264662387067,16,0.0751173708920187,0.1039685820587019,0.0679744525547445,0.1958509219849897,0.095767421975203,0.081081081081081,0.0886075949367088,0.0875912408759124,0.088424251528142,0.0928301537963786,0.701095461658842,0.0570616759225558,24,86.074234
138,2021,0,0,0.0,0,0.0,0.0,0,5,41.0,0,0.0,0.0,1.0,1.137280760682188,0,36,59,570.0,3,0.0,0.0,590.0,241.0,23.0,9.929468594910391,0,0.0,12.685057930237772,1.9668584273038143,2.7544547774755257,4.878405985188589,13,0.1471321695760598,0.1944627554383652,0.1881342701014832,0.3762684587147819,0.2071973827699018,0.1071428571428571,0.1678832116788321,0.1575757575757575,0.1571701199563795,0.1871864776444929,1.4214463840399003,0.1065602607069453,24,84.887054
9,2021,0,1,0.0,0,19.0,0.0,0,0,0.0,0,0.0,0.0,0.0,0.0,0,82,112,693.0,1,1.0,0.0,630.0,305.0,34.0,5.137129305082187,1,0.0,28.944481890557235,2.947260320444524,2.073978501991205,5.872675432060628,16,0.1842105263157894,0.1249008723235527,0.1901496259351621,0.3762364873325263,0.1675531914893617,0.0303030303030303,0.1574074074074074,0.1405622489959839,0.098928110896196,0.1401031592520954,1.1398026315789471,0.1004958552556872,32,83.56751
180,2021,0,0,0.0,0,0.0,0.0,0,0,0.0,0,0.0,0.0,0.0,0.0,0,34,58,597.0,3,1.0,1.0,904.0,146.0,26.0,25.969869365794,0,0.0,16.350868975906415,1.961943101955052,3.7411647630252816,5.561729987050275,13,0.1472081218274111,0.2813569872393401,0.1068814055636896,0.4458977725325889,0.208449720670391,0.1578947368421052,0.1870503597122302,0.1835443037974683,0.1831722287562481,0.1983387239047339,1.515228426395939,0.1010724552222304,22,82.19283
198,2021,0,0,0.0,0,0.0,0.0,0,1,0.0,0,0.0,0.0,0.0,-1.831444220151752,0,34,59,571.0,3,1.0,0.0,827.0,190.0,26.0,18.28261658765647,0,0.0,13.67508193089784,1.6410125208989887,2.7878180219581807,4.412991396719209,16,0.0978441127694859,0.1662645757941294,0.0856627592425608,0.2797778297895325,0.1239418276535706,0.1363636363636363,0.1262135922330097,0.1271929824561403,0.1301527320086035,0.1264261893955838,0.9469320066334992,0.0749477907232358,23,81.94391
188,2021,0,0,0.0,0,0.0,0.0,0,1,3.0,0,0.0,0.0,0.0,-0.1665062756510451,0,43,62,647.0,1,0.0,0.0,746.0,253.0,25.0,29.764245467151884,1,0.0,14.019580560005188,2.3018379569581406,3.021229343334939,5.567617475771668,17,0.1255060728744939,0.1763593380614657,0.1463273568536726,0.3293465797609134,0.1804741980474198,0.05,0.1497005988023952,0.1390374331550802,0.1152370990237099,0.1543793584379358,1.3097165991902835,0.0820135746606334,23,81.404144
175,2021,0,0,0.0,0,0.0,0.0,0,0,0.0,0,0.0,0.0,0.0,0.0,0,38,57,476.0,4,1.0,1.0,597.0,144.0,23.0,21.76941456151971,0,0.0,16.004650560921622,1.8162447585871957,2.6538230747184626,4.582043290183717,15,0.1175257731958762,0.1643722466960352,0.0936890045543266,0.3077864571506425,0.1454323250840207,0.2,0.1345029239766081,0.1413612565445026,0.1727161625420104,0.1563458600672166,0.981443298969072,0.0853345176537766,24,78.79831
90,2021,0,0,0.0,0,0.0,0.0,0,0,0.0,0,0.0,0.0,0.0,0.0,0,34,59,492.0,4,2.0,1.0,765.0,129.0,23.0,-0.8347992301747356,0,0.0,5.783907154094891,1.6625274133354244,2.573082502437772,4.294948871709577,9,0.1750741839762611,0.2804252199413489,0.1328527291452111,0.4869514519174709,0.2251716247139588,0.4,0.23,0.2454545454545454,0.3125858123569794,0.260137299771167,1.459940652818991,0.1557826151340145,26,77.84022
7,2021,0,0,0.0,0,0.0,0.0,0,1,1.0,0,0.0,0.0,0.0,-0.461276305723004,0,28,39,375.0,5,0.0,0.0,307.0,138.0,21.0,21.41415860190697,0,0.0,13.942394888086737,1.140007471708136,1.0916694930670092,2.47417985270911,11,0.0997442455242966,0.0963288358958268,0.0880102040816326,0.2266794370031064,0.1275076504590275,0.2272727272727272,0.1458333333333333,0.1566265060240964,0.1773901888658774,0.1474606658217674,0.959079283887468,0.0933283870589843,31,74.871956
37,2021,0,0,0.0,0,0.0,0.0,0,3,11.0,0,0.0,0.0,0.0,-0.5019328654743731,0,37,64,473.0,3,0.0,0.0,914.0,104.0,23.0,3.639473476525111,0,0.0,9.488864967413042,2.217822331177594,3.72635590183936,5.935182628053943,14,0.1419068736141907,0.2521379310344827,0.0638820638820638,0.4145706552488722,0.1342224744608399,0.15,0.14375,0.1444444444444444,0.1421112372304199,0.1373779795686719,1.048780487804878,0.0831617552438553,28,72.65941
42,2021,0,0,0.0,0,0.0,0.0,1,0,0.0,0,0.0,0.0,0.0,0.0,0,51,71,447.0,2,1.0,1.0,448.0,174.0,22.0,6.594944275106749,1,0.0,12.33445979926402,2.007993109161366,1.9951163147283264,4.408571084051878,12,0.1602708803611738,0.145407335280753,0.1103360811667723,0.3567321887663631,0.1492487479131886,0.125,0.1486486486486486,0.1463414634146341,0.1371243739565943,0.1443989983305509,1.0090293453724606,0.1115177391481142,28,72.01465
187,2021,0,0,0.0,0,0.0,0.0,0,11,41.0,0,0.0,0.0,2.0,-1.259074146510102,0,63,100,619.0,0,1.0,1.0,554.0,389.0,30.0,3.533698607247956,0,0.0,30.97939114352149,2.974039980899737,2.1104536452424303,5.938377523019307,16,0.1769911504424778,0.1263686131386861,0.2474554707379135,0.3665816161746656,0.1823806717737183,0.0,0.1851851851851851,0.1724137931034483,0.0911903358868591,0.1459045374189746,1.095575221238938,0.1123436477186278,23,70.91251
101,2021,0,0,0.0,0,0.0,0.0,0,0,0.0,0,0.0,0.0,0.0,0.0,0,26,55,430.0,3,0.0,0.0,985.0,146.0,18.0,10.75725626908262,0,0.0,4.897845505075898,1.6350371999565547,3.3065053279792465,4.7671095295203045,11,0.1413881748071979,0.3126984126984127,0.0903465346534653,0.4622409923695271,0.139655732380643,0.12,0.1125,0.1135135135135135,0.1298278661903215,0.1357245859045144,1.1053984575835476,0.078480190517428,27,69.24144
36,2021,0,0,0.0,0,0.0,0.0,0,0,0.0,0,0.0,0.0,0.0,0.0,0,40,73,515.0,2,0.0,0.0,856.0,104.0,29.0,24.061896761366867,0,0.0,5.704694701091393,2.1902616801518837,3.289272518943592,5.587883283488338,9,0.2295597484276729,0.3589098532494759,0.1473087818696883,0.6314675052410901,0.2931132612407512,0.25,0.3020833333333333,0.2980769230769231,0.2715566306203756,0.284490608992601,1.619496855345912,0.1619515553608312,28,68.65892
111,2021,0,0,0.0,0,0.0,0.0,0,7,40.0,2,0.0,0.0,3.0,5.014443893858697,0,46,65,431.0,2,1.0,1.0,332.0,264.0,22.0,7.82737549621379,0,0.0,19.348513126939103,2.012035543562881,1.3113573880501646,3.9360034869794367,15,0.1201478743068391,0.0839656044511886,0.145374449339207,0.2473942950212097,0.1190936722851616,0.1111111111111111,0.1229050279329608,0.1218274111675127,0.1151023916981363,0.1174971600503515,0.7966728280961183,0.0997233110445007,26,68.40352
181,2021,0,0,0.0,0,0.0,0.0,0,5,32.0,0,0.0,0.0,2.0,1.1700817013625056,0,25,40,343.0,4,0.0,0.0,324.0,206.0,12.0,13.233259284678148,0,0.0,35.677004026394926,1.4884071246061907,1.1717313028227254,3.052822598885194,16,0.0849256900212314,0.0732534478860501,0.1208211143695014,0.1859912933406872,0.0947513812154696,0.1428571428571428,0.0764331210191082,0.0864864864864864,0.1188042620363062,0.1043725335438042,0.7282377919320594,0.0630788303070079,23,68.232155
233,2021,0,0,0.0,0,0.0,0.0,0,1,6.0,0,0.0,0.0,0.0,0.2198338920716196,0,33,49,353.0,4,0.0,0.0,489.0,100.0,18.0,12.516901655180872,0,0.0,16.021569093913925,1.2929485775902485,1.5940455965923443,3.055254784000013,15,0.0820770519262981,0.1075907590759076,0.0466635557629491,0.2091881851501733,0.0782531589448016,0.1290322580645161,0.079295154185022,0.0852713178294573,0.1036427085046588,0.0884089787687445,0.5912897822445561,0.0587810989344739,22,67.789185
196,2021,0,0,0.0,0,0.0,0.0,0,3,16.0,0,0.0,0.0,0.0,-1.1415737977949902,0,24,36,469.0,2,0.0,0.0,608.0,109.0,16.0,31.073412227007797,0,0.0,6.314689409627237,1.0112043798808503,1.8077133270260888,2.7822058987395377,7,0.1353383458646616,0.255677039529016,0.1140167364016736,0.4075491504202053,0.2066989863375936,0.1666666666666666,0.1702127659574468,0.1698113207547169,0.1866828265021301,0.1986925224034082,1.763157894736842,0.1181058340088893,22,67.3737
137,2021,0,0,0.0,0,0.0,0.0,0,1,2.0,0,0.0,0.0,1.0,0.5175025649368763,0,31,53,406.0,3,0.0,0.0,477.0,96.0,22.0,12.53971291705966,0,0.0,12.514961433787663,1.688804146868663,2.072545894580934,3.983988346509648,15,0.1039215686274509,0.1271660890429219,0.0611075747931253,0.2576152241755139,0.1117533718689788,0.1578947368421052,0.1235955056179775,0.1269035532994923,0.134824054355542,0.1209816448636041,0.796078431372549,0.0769151706180622,24,66.90677
185,2021,0,0,0.0,0,0.0,0.0,0,0,0.0,0,0.0,0.0,0.0,0.0,0,24,38,282.0,5,1.0,0.0,355.0,103.0,15.0,18.174912513681285,0,0.0,16.629411115410885,1.3410987097628977,1.573439054824223,3.1130554030213022,13,0.100263852242744,0.1198919284025667,0.0597447795823665,0.2463093210861694,0.0843553694286569,0.25,0.1027397260273972,0.1204819277108433,0.1671776847143284,0.1174842955429255,0.7440633245382586,0.0693834830170842,24,65.05925
91,2021,0,0,0.0,0,0.0,0.0,0,2,3.0,0,0.0,0.0,0.0,-0.5168792470358312,0,47,70,546.0,1,1.0,1.0,979.0,170.0,29.0,6.00350957193494,0,0.0,22.458007689147188,2.0472723314703947,3.666571145917926,5.6375082993481405,15,0.1241134751773049,0.2179430097951914,0.0846192135390741,0.3605246206021106,0.1336597307221542,0.0526315789473684,0.1534391534391534,0.1442307692307692,0.0931456548347613,0.117454100367197,0.9680851063829788,0.0804222357229647,26,65.05754
209,2021,0,0,0.0,0,0.0,0.0,0,0,0.0,0,0.0,0.0,0.0,0.0,0,46,68,515.0,1,0.0,0.0,598.0,171.0,29.0,14.884151672314443,0,0.0,10.12736897448374,1.933746054393657,2.1072238461914288,4.375675773924487,12,0.1531531531531531,0.1708083404741502,0.1481802426343154,0.3663764021090499,0.1874090247452693,0.0769230769230769,0.2056737588652482,0.1948051948051948,0.1321660508341731,0.1653118351808308,1.15990990990991,0.1028602094969291,22,63.750633
119,2021,0,0,0.0,0,0.0,0.0,0,0,0.0,0,0.0,0.0,0.0,0.0,0,35,62,445.0,2,0.0,0.0,722.0,123.0,23.0,18.40413693504283,0,0.0,6.601075419915111,1.500748916422994,2.515520416691277,4.011987666318385,9,0.1631578947368421,0.2682020802377414,0.0970797158642462,0.4592985062954563,0.1689445709946848,0.1111111111111111,0.1742424242424242,0.1666666666666666,0.140027841052898,0.1573778790179701,1.1710526315789471,0.0964823484752625,25,63.369026
120,2021,0,0,0.0,0,0.0,0.0,0,0,0.0,0,0.0,0.0,0.0,0.0,0,32,50,377.0,3,1.0,0.0,480.0,113.0,18.0,13.46562809272691,0,0.0,9.251008644573298,1.6134327080072044,2.074791919334419,3.8725034055449,10,0.1488095238095238,0.1990875155537121,0.102820746132848,0.3824842981572554,0.1732536764705882,0.1875,0.173076923076923,0.175,0.1803768382352941,0.1761029411764706,1.1220238095238095,0.1098667067548607,25,62.82705
228,2021,0,0,0.0,0,0.0,0.0,0,18,76.0,0,0.0,0.0,2.0,-0.1600738250126596,0,54,64,435.0,1,1.0,0.0,92.0,438.0,18.0,1.4988294399605673,0,0.0,9.225539977264114,2.004838608456132,0.2495867895074404,3.1819686653394057,14,0.1361702127659574,0.0260549419427924,0.233102714209686,0.2250992727031701,0.113045738045738,0.0434782608695652,0.1,0.0935960591133004,0.0782619994576516,0.0991322426105034,0.925531914893617,0.0810050163322445,21,61.927086
1,2021,0,0,0.0,0,0.0,0.0,0,1,4.0,0,0.0,0.0,0.0,0.0033527226187288,0,20,34,454.0,2,1.0,1.0,647.0,175.0,12.0,11.046789813728536,0,0.0,10.298019522198787,1.0111582805675805,2.1339702964201117,3.010516628345448,14,0.0691056910569105,0.1531723484848484,0.0953159041394335,0.2261964153732446,0.1150240689130985,0.08,0.0638297872340425,0.0657276995305164,0.0975120344565492,0.1080192551304788,0.9227642276422764,0.058574431256182,35,61.910183
71,2021,0,0,0.0,0,0.0,0.0,0,2,21.0,0,0.0,0.0,0.0,1.917843007016927,0,38,69,384.0,3,1.0,1.0,608.0,121.0,15.0,-12.86810332951071,0,0.0,9.775073468957908,2.246573565978078,2.604893234144365,5.193285612868173,16,0.1399594320486815,0.1593291404612159,0.0770700636942675,0.337402460441995,0.1141837644959857,0.12,0.0961538461538461,0.0994475138121546,0.1170918822479928,0.1153470115967885,0.7789046653144016,0.0680727838527034,27,61.724926
94,2021,0,0,0.0,0,0.0,0.0,0,0,0.0,0,0.0,0.0,0.0,0.0,0,37,76,521.0,0,0.0,0.0,1050.0,119.0,27.0,-2.502064632965588,0,0.0,7.023553354772107,2.338942362147855,4.474273131993287,6.640404735617084,14,0.16,0.2868068833652007,0.0957361222847948,0.4694455066921606,0.1886997464686707,0.0,0.2,0.1836734693877551,0.0943498732343353,0.1509597971749366,1.0968421052631578,0.0969700927256105,28,59.73169
95,2021,0,0,0.0,0,0.0,0.0,0,0,0.0,0,0.0,0.0,0.0,0.0,0,29,49,396.0,2,0.0,0.0,668.0,119.0,21.0,18.884278442147465,0,0.0,13.082562757052502,1.5228453910421198,3.146631022796414,4.486909802520669,10,0.153125,0.2925974594831362,0.1068222621184919,0.463765467586509,0.174757281553398,0.1176470588235294,0.1858407079646017,0.1769230769230769,0.1462021701884637,0.1633352370074243,1.2375,0.0936838924146267,26,59.475967
86,2021,0,1,0.0,0,8.0,0.0,0,0,0.0,0,0.0,0.0,0.0,0.0,0,28,51,449.0,1,0.0,0.0,686.0,85.0,20.0,8.228594383905822,0,0.0,11.236068031200574,1.4863660935307523,2.8742366417629106,4.241514789530166,14,0.103030303030303,0.2029585798816568,0.0499412455934195,0.31691231845078,0.1375191424196018,0.0625,0.1219512195121951,0.1166666666666666,0.1000095712098009,0.1225153139356814,0.907070707070707,0.0714609183950729,28,58.084282
210,2021,0,0,0.0,0,0.0,0.0,0,0,0.0,0,0.0,0.0,0.0,0.0,0,33,60,446.0,1,0.0,0.0,637.0,131.0,22.0,-0.2516440965145508,0,0.0,12.606634688684832,1.812680096253028,2.7718432828192694,4.65931044235303,14,0.1282051282051282,0.1895269265099672,0.0880968392737054,0.3439292335156661,0.1456088801828273,0.0588235294117647,0.1594202898550724,0.1483870967741935,0.102216204797296,0.1282518100286148,0.9529914529914528,0.0789931211731801,22,57.667847
12,2021,0,0,0.0,0,0.0,0.0,0,0,0.0,0,0.0,0.0,0.0,0.0,0,23,37,331.0,3,0.0,0.0,476.0,71.0,15.0,20.310024556005374,0,0.0,11.879993375669224,1.3444107560887837,2.121506245438719,3.501670505940278,10,0.1289198606271777,0.2016949152542373,0.0959459459459459,0.3547357231441563,0.1819681143485431,0.2,0.1785714285714285,0.1818181818181818,0.1909840571742715,0.1855744914788345,1.1533101045296168,0.0913957274655878,32,57.6446
60,2021,0,0,0.0,0,0.0,0.0,0,0,0.0,0,0.0,0.0,0.0,0.0,0,33,51,434.0,1,0.0,0.0,613.0,122.0,22.0,23.1323142503435,0,0.0,8.091804719761376,1.5616434114909723,2.477524157978724,4.076732027821565,12,0.125,0.1847498493068113,0.1159695817490494,0.335299879445449,0.1802325581395348,0.1666666666666666,0.1864406779661017,0.1854838709677419,0.1734496124031007,0.1775193798449612,1.0637254901960784,0.1075409151418652,26,57.504395
6,2021,0,0,0.0,0,0.0,0.0,0,0,0.0,0,0.0,0.0,0.0,0.0,0,31,48,434.0,1,0.0,0.0,579.0,112.0,19.0,15.380997685733824,0,0.0,9.54805154552669,1.573468660968661,2.4068775343204414,4.0450172654773,10,0.1538461538461538,0.2439949431099873,0.1133603238866396,0.4259651852572206,0.1940966010733452,0.0833333333333333,0.1652173913043478,0.1574803149606299,0.1387149672033392,0.1719439475253428,1.391025641025641,0.0954483937602393,32,57.154587
33,2021,0,0,0.0,0,0.0,0.0,0,0,0.0,0,0.0,0.0,0.0,0.0,0,38,66,410.0,1,0.0,0.0,746.0,101.0,22.0,8.681412072468035,1,0.0,7.3372058283838015,2.395735293207669,3.275899249790976,5.886732414665187,12,0.1864406779661017,0.2489155822489155,0.1044467425025853,0.478793482748285,0.1802990325417766,0.1111111111111111,0.1981981981981982,0.1916666666666666,0.1457050718264438,0.1664614482556435,1.1581920903954803,0.1056261078600393,28,55.756203
83,2021,0,0,0.0,0,0.0,0.0,0,0,0.0,0,0.0,0.0,0.0,0.0,0,14,28,223.0,4,0.0,0.0,429.0,37.0,11.0,13.542832518130204,0,0.0,4.716038052229655,0.774057627502678,1.7043513234315557,2.354132367656106,13,0.0602150537634408,0.1263622974963181,0.0264285714285714,0.1914124186422158,0.0710643722115997,0.2222222222222222,0.0666666666666666,0.081967213114754,0.1466432972169109,0.1012959422137242,0.4795698924731182,0.0555340664198485,28,55.280857
117,2021,0,0,0.0,0,0.0,0.0,0,2,13.0,0,0.0,0.0,1.0,0.6088325600139797,0,24,44,285.0,2,0.0,0.0,514.0,79.0,9.0,-7.22128224318722,0,0.0,6.975777511961723,1.165686104369441,2.2929760552848246,3.3536123952535397,15,0.0739495798319327,0.1301595340592555,0.044406970207982,0.2150519969953035,0.080965909090909,0.1,0.0505617977528089,0.0555555555555555,0.0904829545454545,0.0847727272727272,0.4789915966386555,0.0529577464788732,25,54.134037
201,2021,0,0,0.0,0,0.0,0.0,0,2,3.0,0,0.0,0.0,0.0,-0.8548270971514285,0,38,56,467.0,0,1.0,0.0,595.0,178.0,22.0,15.397696799020858,0,0.0,9.93921096700114,2.010292180113152,2.562630047373576,4.80927930333123,10,0.1885521885521885,0.2491624790619765,0.1755424063116371,0.482158266077864,0.2266990291262136,0.0,0.231578947368421,0.2115384615384615,0.1133495145631068,0.1813592233009708,1.5723905723905724,0.1096067053513862,22,54.041927
227,2021,1,3,19.0,0,53.0,6.0,0,3,6.0,0,0.0,0.0,0.0,-3.3227411037660204,0,39,57,420.0,0,0.0,0.0,367.0,228.0,21.0,14.437597982451354,0,1.4615384615384617,11.562663150064246,1.5560284191381752,1.3135907568357783,3.2535561584923074,9,0.1686390532544378,0.1520928305014504,0.2321792260692464,0.3746328442828172,0.1993355481727574,0.0,0.2019230769230769,0.1858407079646017,0.0996677740863787,0.159468438538206,1.242603550295858,0.1222538890868067,22,53.43798
56,2021,0,0,0.0,0,0.0,0.0,0,0,0.0,0,0.0,0.0,0.0,0.0,0,25,41,264.0,3,0.0,0.0,427.0,62.0,13.0,9.85642905299566,0,0.0,13.441529824370816,1.041678834002754,1.462106331223863,2.585992682860835,14,0.0702054794520548,0.0970013630168105,0.0269448066058235,0.1829093095915306,0.0637527167350881,0.1,0.0570175438596491,0.0620155038759689,0.081876358367544,0.0710021733880705,0.4520547945205479,0.0483138871097992,27,52.727196
200,2021,0,0,0.0,0,0.0,0.0,0,10,32.0,0,0.0,0.0,3.0,-1.5066254753619432,0,33,57,299.0,2,0.0,0.0,549.0,151.0,13.0,-10.805154635583916,0,0.0,19.20792609647557,2.0478166560883144,2.1744616419832528,4.593848133520749,17,0.1153846153846153,0.1297872340425531,0.0873337189126662,0.2769067103109656,0.0834030683403068,0.1,0.0778443113772455,0.0802139037433155,0.0917015341701534,0.0867224546722454,0.6052631578947368,0.0552177601809954,22,52.67325
154,2021,0,0,0.0,0,0.0,0.0,0,1,-13.0,0,0.0,0.0,0.0,-1.7453839217778295,0,26,58,339.0,2,1.0,1.0,773.0,65.0,14.0,-14.25236135125192,0,0.0,6.021009368660468,1.7042553588556746,3.071848622908667,4.706677074319579,13,0.1283185840707964,0.2420920764171625,0.0568678915135608,0.3861515372399248,0.135545781687325,0.1666666666666666,0.1147540983606557,0.1194029850746268,0.1511062241769958,0.1417699586831934,0.75,0.0791928333949021,24,51.023605
0,2021,0,1,0.0,0,14.0,0.0,0,0,0.0,0,0.0,0.0,0.0,0.0,0,24,38,248.0,3,1.0,0.0,321.0,105.0,10.0,-0.1186158199192917,1,0.0,6.979436273690746,1.1841794503610772,1.169489012442154,2.5949114842511234,8,0.1461538461538461,0.1558252427184466,0.1344430217669654,0.3438909634055265,0.1401921989824759,0.2727272727272727,0.131578947368421,0.1494252873563218,0.2064597358548743,0.1666992137314353,0.953846153846154,0.111496450912391,36,50.58737
45,2021,0,0,0.0,0,0.0,0.0,0,1,3.0,0,0.0,0.0,1.0,0.4300111241172999,0,22,37,323.0,2,1.0,1.0,340.0,126.0,15.0,10.734472966737542,0,0.0,10.80437017658874,1.2742665587230804,1.8428410145489544,3.2013885482688886,14,0.0813186813186813,0.1045510455104551,0.0850202429149797,0.205618858386386,0.1063899868247694,0.125,0.108695652173913,0.1103896103896103,0.1156949934123847,0.1101119894598155,0.7098901098901099,0.0635801740088972,29,50.432972
29,2021,0,0,0.0,0,0.0,0.0,0,0,0.0,0,0.0,0.0,0.0,0.0,0,27,49,394.0,1,1.0,1.0,638.0,99.0,17.0,-1.9972376012962412,0,0.0,6.939631126139643,1.543832775065832,2.109477781175836,3.7923836094218326,11,0.1259640102827763,0.1906184642963848,0.0869183494293239,0.3414407868612724,0.1396172927002126,0.0833333333333333,0.1307692307692307,0.1267605633802817,0.1114753130167729,0.1283605008268367,1.012853470437018,0.0733807250515958,28,50.396324
194,2021,0,0,0.0,0,0.0,0.0,0,7,50.0,0,0.0,0.0,3.0,2.461163314874284,0,33,47,272.0,2,0.0,0.0,284.0,141.0,14.0,7.448230200625511,0,0.0,27.721249106930223,1.3419903745560933,0.9458669822093264,2.675092449380668,15,0.0862385321100917,0.0602460755197284,0.0957880434782608,0.1775546585809204,0.0730397422126745,0.1111111111111111,0.0782122905027933,0.0812182741116751,0.0920754266618928,0.0806540159923618,0.4990825688073395,0.0585620439063614,24,50.148346
50,2021,0,0,0.0,0,0.0,0.0,0,1,-9.0,0,0.0,0.0,0.0,-1.439722878858447,0,36,53,366.0,1,0.0,0.0,404.0,111.0,19.0,1.8174775529000105,0,0.0,6.460829891582347,1.4363158899923605,1.3777632566685238,3.118908114656507,7,0.2030651340996168,0.2022022022022022,0.1656716417910447,0.4663594629111871,0.2235797189981674,0.1666666666666666,0.2435897435897435,0.238095238095238,0.195123192832417,0.2121971085318672,1.4022988505747127,0.1469976162548715,28,49.31204
40,2021,0,0,0.0,0,0.0,0.0,0,0,0.0,0,0.0,0.0,0.0,0.0,0,26,38,329.0,1,0.0,0.0,325.0,116.0,18.0,7.920832560497477,1,0.0,15.435815882749344,1.0239210558530334,1.1988742203539309,2.375093538027301,11,0.094059405940594,0.106348167539267,0.0881458966565349,0.2261676429423047,0.12382386149793,0.0833333333333333,0.1313868613138686,0.1275167785234899,0.1035785974156316,0.1157257558650106,0.8143564356435643,0.0757147060820752,28,48.49769
171,2021,0,0,0.0,0,0.0,0.0,0,0,0.0,0,0.0,0.0,0.0,0.0,0,13,22,159.0,4,0.0,0.0,240.0,42.0,12.0,14.589222102678356,0,0.0,13.307925746569817,0.8854140932415058,1.1981640730500436,2.166835990997289,12,0.063953488372093,0.0908746686861037,0.0330188679245283,0.1686299675070225,0.0638810767376456,0.1739130434782608,0.1008403361344537,0.1126760563380281,0.1188970601079532,0.0858874700857686,0.4622093023255814,0.0540369371578001,25,48.14623
97,2021,0,0,0.0,0,0.0,0.0,0,0,0.0,0,0.0,0.0,0.0,0.0,0,35,52,408.0,0,1.0,1.0,340.0,188.0,20.0,3.540437920980599,1,0.0,10.837012797647184,1.486094280606476,1.2942416105192551,3.135110548273192,10,0.1428571428571428,0.1205246366536689,0.1630529054640069,0.3107054236086494,0.1656516443361754,0.0,0.16,0.1515151515151515,0.0828258221680877,0.1325213154689403,1.120879120879121,0.0914663577565402,26,47.00525
124,2021,0,0,0.0,0,0.0,0.0,0,0,0.0,0,0.0,0.0,0.0,0.0,0,31,52,281.0,2,0.0,0.0,521.0,91.0,16.0,7.901234673704039,0,0.0,3.005256232541832,1.3377233877233878,2.13076151002344,3.498118138601489,5,0.2587064676616915,0.3943981831945495,0.1526845637583892,0.7035782480481769,0.2119155354449472,0.2,0.2461538461538461,0.24,0.2059577677224736,0.2095324283559577,1.3980099502487562,0.1537164353353224,27,46.98669
135,2021,0,0,0.0,0,0.0,0.0,0,0,0.0,0,0.0,0.0,0.0,0.0,0,19,32,208.0,3,0.0,0.0,317.0,61.0,9.0,-3.424818518032094,0,0.0,5.2942123583424525,0.84448066539279,1.37585606128803,2.2298202409908057,8,0.1052631578947368,0.1535108958837772,0.0530434782608695,0.280703453549127,0.098531501657982,0.375,0.09,0.1111111111111111,0.2367657508289909,0.1538252013263856,0.6842105263157895,0.0804073229091313,24,46.448315
43,2021,0,0,0.0,0,0.0,0.0,0,0,0.0,0,0.0,0.0,0.0,0.0,0,41,62,383.0,0,0.0,0.0,419.0,150.0,23.0,-6.258268998434427,0,0.0,16.911959327970695,1.989545338209255,1.7944176625723651,4.240410371114538,17,0.1127272727272727,0.1017484215638659,0.0790305584826132,0.2504896463420019,0.1022423918846769,0.0,0.1270718232044199,0.1138613861386138,0.0511211959423384,0.0817939135077416,0.6963636363636364,0.05933230580454,28,45.547607
146,2021,0,0,0.0,0,0.0,0.0,0,0,0.0,0,0.0,0.0,0.0,0.0,0,13,18,249.0,2,0.0,0.0,192.0,101.0,9.0,5.803066745662363,0,0.0,9.207220791542422,0.7585803497786531,1.2621409418693597,2.0213691839765318,7,0.0878048780487804,0.1428571428571428,0.1511976047904191,0.245993031358885,0.1934731934731934,0.2,0.1607142857142857,0.1666666666666666,0.1967365967365967,0.1947785547785548,1.2146341463414634,0.110232393743925,23,45.31283
16,2021,0,0,0.0,0,0.0,0.0,0,2,-1.0,0,0.0,0.0,0.0,-1.2417586655938069,0,20,40,313.0,1,1.0,0.0,475.0,83.0,12.0,11.87448647992749,0,0.0,8.655108629454539,1.368573823595146,1.7385908643310926,3.2698743404244834,14,0.0932400932400932,0.1283436908943528,0.0674248578391551,0.2425350925756221,0.1080428028995512,0.0909090909090909,0.0821917808219178,0.0828025477707006,0.099475946904321,0.1046160605014592,0.7296037296037297,0.057258403571643,31,45.181572
49,2021,0,0,0.0,0,0.0,0.0,0,1,9.0,0,0.0,0.0,0.0,0.7513755353866145,0,30,43,301.0,1,0.0,0.0,323.0,103.0,12.0,2.8218427654397096,0,0.0,14.449402100631607,1.3143934539627815,1.220238399755886,2.8257570607732925,16,0.0848126232741617,0.0850447604002106,0.0627666057282145,0.1952547432314111,0.086743515850144,0.0476190476190476,0.0662983425414364,0.0643564356435643,0.0671812817345958,0.0789186222039247,0.5936883629191322,0.0496701015642375,27,43.729153
58,2021,0,0,0.0,0,0.0,0.0,0,5,33.0,0,0.0,0.0,2.0,0.943557511724066,0,11,17,132.0,2,1.0,1.0,80.0,103.0,7.0,2.442662993678823,0,0.0,6.863553113553114,0.4643039955539955,0.3205694995968725,0.920854643048804,7,0.0653846153846153,0.0403225806451612,0.1332470892626132,0.1303349875930521,0.0769230769230769,0.2,0.0864197530864197,0.0989010989010989,0.1384615384615384,0.1015384615384615,0.5076923076923077,0.0797813806763993,29,43.17329
189,2021,0,0,0.0,0,0.0,0.0,0,0,0.0,0,0.0,0.0,0.0,0.0,0,15,22,204.0,2,0.0,0.0,251.0,95.0,9.0,8.348441617881095,1,0.0,6.89277170297752,0.5747664715406651,0.8712895202137032,1.47205237146059,5,0.1116751269035533,0.1976377952755905,0.1186017478152309,0.3256229265758024,0.1565617805065234,0.2857142857142857,0.1304347826086956,0.1447368421052631,0.2211380331104045,0.1823922815480758,1.035532994923858,0.1081152061630044,23,43.08986
51,2021,0,0,0.0,0,0.0,0.0,0,0,0.0,0,0.0,0.0,0.0,0.0,0,21,22,227.0,2,0.0,0.0,90.0,150.0,6.0,7.926040963793639,0,0.0,16.08800505050505,0.7086263072676116,0.2980422826526721,1.2715690587582875,8,0.0830188679245283,0.0434572670207629,0.1710376282782212,0.1592941155034027,0.1179220779220779,0.1666666666666666,0.072289156626506,0.0842105263157894,0.1422943722943723,0.1276709956709956,0.8566037735849057,0.0847148288973384,28,42.342754
205,2021,0,0,0.0,0,0.0,0.0,0,0,0.0,0,0.0,0.0,0.0,0.0,0,36,55,360.0,0,0.0,0.0,432.0,137.0,14.0,7.487266867442438,0,0.0,15.208806003395395,1.288114681646063,1.1792997911024448,2.757681876240805,15,0.0835866261398176,0.080672268907563,0.0595911265767725,0.1899177543357769,0.0741656365883807,0.0,0.0573770491803278,0.0492957746478873,0.0370828182941903,0.0593325092707045,0.547112462006079,0.0420890182736487,23,41.849403
99,2021,0,0,0.0,0,0.0,0.0,0,1,7.0,0,0.0,0.0,0.0,0.4034622038598172,0,15,23,211.0,2,0.0,0.0,267.0,42.0,11.0,8.951436545556941,0,0.0,8.864358869744427,0.8103151948740184,1.2244403481178447,2.072581035993519,10,0.0795847750865051,0.1231549815498155,0.0431211498973305,0.2179011478696101,0.1053419870194708,0.1818181818181818,0.1182795698924731,0.125,0.1435800844188263,0.120637225979213,0.7301038062283737,0.069002573456633,25,41.802246
61,2021,0,0,0.0,0,0.0,0.0,0,0,0.0,0,0.0,0.0,0.0,0.0,0,24,47,275.0,1,0.0,0.0,540.0,47.0,16.0,5.2730953160000045,0,0.0,6.1813351629141104,1.5395291505552908,2.1447465159974874,3.810616287031177,12,0.1243386243386243,0.1732435033686236,0.037509976057462,0.3251027392028355,0.1114714227807053,0.0714285714285714,0.125,0.1197183098591549,0.0914499971046383,0.1034628525102785,0.7275132275132276,0.0604385208854506,27,41.794285
70,2021,0,0,0.0,0,0.0,0.0,0,1,14.0,0,0.0,0.0,1.0,1.017295717203524,0,10,12,212.0,2,0.0,0.0,185.0,70.0,8.0,17.28436093009077,0,0.0,4.283364661654136,0.2911038258869569,0.4672447007160573,0.7637270293316756,3,0.0983606557377049,0.1651785714285714,0.1580135440180587,0.2796838407494145,0.2084562438544739,0.25,0.1739130434782608,0.1851851851851851,0.2292281219272369,0.2167649950835791,1.7377049180327868,0.132116831565851,28,41.260902
127,2021,0,0,0.0,0,0.0,0.0,0,0,0.0,0,0.0,0.0,0.0,0.0,0,12,16,149.0,3,0.0,0.0,149.0,74.0,8.0,6.502443870471325,0,0.0,10.24720133667502,0.4030151794089076,0.3978786390474363,0.8830378164465668,7,0.0557491289198606,0.0615448161916563,0.0748987854251012,0.132859546333116,0.0721549636803874,0.2142857142857142,0.074074074074074,0.0901639344262295,0.1432203389830508,0.1005811138014527,0.519163763066202,0.0608731019522776,25,41.04158
79,2021,0,0,0.0,0,0.0,0.0,0,9,47.0,1,0.0,0.0,4.0,1.947537554049632,0,20,26,178.0,1,0.0,0.0,157.0,81.0,13.0,16.954948930360842,0,0.0,5.923809523809524,0.7115243362178321,0.5386452460953406,1.4443381765934864,11,0.0568927789934354,0.0415673815197246,0.0711150131694468,0.1185930737059328,0.0593927260593927,0.0454545454545454,0.0792682926829268,0.075268817204301,0.052423635756969,0.0566050899384232,0.3894967177242888,0.0473262821514788,26,40.51169
131,2021,0,0,0.0,0,0.0,0.0,0,3,32.0,0,0.0,0.0,1.0,0.3387058031512424,0,13,22,173.0,2,0.0,0.0,304.0,50.0,9.0,5.9716478186892346,0,0.0,13.876236263736264,0.7210255743373462,1.0433370348762638,1.811874285919404,14,0.0506912442396313,0.0900473933649289,0.036231884057971,0.1480747810513901,0.056795797767564,0.0869565217391304,0.0647482014388489,0.0679012345679012,0.0718761597533472,0.0628279425618773,0.3986175115207373,0.0369216287712806,24,39.517418
98,2021,0,1,0.0,0,13.0,0.0,0,0,0.0,0,0.0,0.0,0.0,0.0,0,18,25,250.0,1,0.0,0.0,262.0,118.0,10.0,9.140306190529373,0,0.0,14.274059561128526,0.7142159662320953,0.9071883060172088,1.7063557635601891,9,0.0769230769230769,0.1041335453100159,0.1187122736418511,0.1986914516326281,0.126008064516129,0.0833333333333333,0.1052631578947368,0.102803738317757,0.1046706989247311,0.1174731182795699,0.7692307692307693,0.0660323963021858,28,38.454056
78,2021,0,0,0.0,0,0.0,0.0,0,1,16.0,0,0.0,0.0,1.0,0.979927982436493,0,11,20,224.0,1,1.0,0.0,314.0,40.0,8.0,12.21210288227303,0,0.0,7.334736647245659,0.5641211358490102,1.3797779834981378,1.812026292222212,9,0.0576368876080691,0.1240616357171078,0.0357142857142857,0.18570463998579,0.1044289044289044,0.1,0.0754716981132075,0.0775862068965517,0.1022144522144522,0.1035431235431235,0.6455331412103746,0.0591972278371354,26,37.623196
80,2021,0,0,0.0,0,0.0,0.0,0,0,0.0,0,0.0,0.0,0.0,0.0,0,12,17,161.0,2,0.0,0.0,138.0,60.0,7.0,10.600430672289804,0,0.0,7.539285714285715,0.4992650252536945,0.5817598386704715,1.156129424949872,10,0.0443864229765013,0.0476848652384243,0.0549954170485792,0.1047275266554914,0.0629397967161845,0.1428571428571428,0.0518518518518518,0.0604026845637583,0.1028984697866636,0.0789232659443762,0.4203655352480417,0.0468446998901894,25,37.032154
20,2021,0,0,0.0,0,0.0,0.0,0,3,21.0,0,0.0,0.0,1.0,1.6055196543456989,0,24,37,213.0,1,0.0,0.0,315.0,59.0,11.0,-9.358064633147572,0,0.0,11.162528593382694,1.1464281104525007,1.1757881260470415,2.5426938539116803,11,0.0946291560102301,0.1075085324232082,0.0518453427065026,0.2279505599539118,0.0862697448359659,0.2,0.0873015873015873,0.0916030534351145,0.143134872417983,0.1090157958687727,0.5447570332480819,0.0688801176379537,31,36.72387
122,2021,0,0,0.0,0,0.0,0.0,0,0,0.0,0,0.0,0.0,0.0,0.0,0,7,22,154.0,2,0.0,0.0,359.0,24.0,7.0,0.2742008867339409,0,0.0,1.2386124169233264,0.5487121212121212,0.9718864030047716,1.503388663921522,3,0.1864406779661017,0.3263636363636363,0.0898876404494382,0.5407519260400617,0.2301943198804185,0.4,0.2413793103448276,0.2647058823529412,0.3150971599402092,0.2641554559043348,1.305084745762712,0.1441381044163245,25,36.02378
87,2021,1,2,2.0,0,2.0,3.0,0,0,0.0,0,0.0,0.0,0.0,0.0,0,7,11,95.0,3,0.0,0.0,85.0,16.0,4.0,10.643124117166735,0,0.0,6.574142156862745,0.3604612383452994,0.3204813204247607,0.7650287818152816,7,0.0482456140350877,0.0429944360141628,0.018348623853211,0.1067639698639618,0.0549132947976878,0.4285714285714285,0.0519480519480519,0.0833333333333333,0.2417423616845582,0.129644921552436,0.4166666666666667,0.0588796185935637,26,35.67932
108,2021,0,0,0.0,0,0.0,0.0,0,2,15.0,0,0.0,0.0,0.0,0.0395745519781485,0,39,66,277.0,0,1.0,0.0,421.0,116.0,17.0,-14.278892831584798,0,0.0,16.5083924225127,1.6241526236707218,1.626245945393909,3.574601097281819,14,0.1197822141560798,0.1187588152327221,0.0675990675990676,0.2746803734202975,0.08468358300214,0.0,0.1017964071856287,0.0909090909090909,0.04234179150107,0.067746866401712,0.5027223230490018,0.0574199740683988,25,35.637573
168,2021,1,1,1.0,0,-5.0,6.0,0,0,0.0,0,0.0,0.0,0.0,0.0,0,15,23,175.0,1,0.0,0.0,185.0,57.0,10.0,10.069094981197871,0,0.0,10.669612575362926,0.6922316886671107,0.6717293658413307,1.508558089089597,10,0.0664739884393063,0.0626693766937669,0.0499124343257443,0.149846484013973,0.0726744186046511,0.0666666666666666,0.0909090909090909,0.088,0.0696705426356589,0.0714728682170542,0.5057803468208093,0.0464382109118951,24,32.082985
57,2021,0,0,0.0,0,0.0,0.0,0,0,0.0,0,0.0,0.0,0.0,0.0,0,25,37,230.0,0,0.0,0.0,347.0,69.0,14.0,4.768193417044516,0,0.0,10.02975986633874,1.107528851077238,1.6282512489288623,2.801069150866061,14,0.075356415478615,0.0968462182528607,0.0477508650519031,0.1905115978202112,0.0674289064790384,0.0,0.0828402366863905,0.0744680851063829,0.0337144532395192,0.0539431251832307,0.4684317718940937,0.0428977425063006,27,31.648968
235,2021,0,0,0.0,0,0.0,0.0,0,6,39.0,0,0.0,0.0,4.0,1.1481342581100762,0,10,23,135.0,1,0.0,0.0,396.0,10.0,6.0,-7.83959086597315,0,0.0,4.095702606572171,0.817774984906959,1.7574940907626335,2.456908340894282,12,0.0637119113573407,0.1314741035856573,0.007473841554559,0.200747149904537,0.05125284738041,0.0625,0.0461538461538461,0.047945205479452,0.056876423690205,0.053502277904328,0.3739612188365651,0.0324631145150943,21,31.375135
217,2021,0,0,0.0,0,0.0,0.0,0,0,0.0,0,0.0,0.0,0.0,0.0,0,5,6,116.0,2,0.0,0.0,128.0,17.0,4.0,11.404099471285008,0,0.0,2.8648989898989896,0.264069264069264,0.4835199113976462,0.7345678340822483,3,0.073170731707317,0.1606022584692597,0.1017964071856287,0.2382379043363833,0.2226487523992322,0.3333333333333333,0.2105263157894736,0.24,0.2779910428662828,0.2447856685860524,1.4146341463414631,0.1338700617861823,22,31.327934
159,2021,0,0,0.0,0,0.0,0.0,0,0,0.0,0,0.0,0.0,0.0,0.0,0,10,20,162.0,1,0.0,0.0,334.0,17.0,7.0,2.3772227646550164,0,0.0,3.3977439541362187,0.6325857641907338,1.4025533166326951,1.9306659679289877,6,0.1047120418848167,0.2327526132404181,0.0250368188512518,0.3432701534195596,0.1092380310182063,0.1111111111111111,0.1111111111111111,0.1111111111111111,0.1101745710646587,0.1096126470367873,0.8481675392670157,0.062207797225764,24,30.940939
44,2021,0,0,0.0,0,0.0,0.0,0,1,-3.0,0,0.0,0.0,0.0,-0.7378263422288001,0,11,18,167.0,1,0.0,0.0,169.0,102.0,5.0,7.000882647704898,0,0.0,7.458073260999196,0.4065273998980769,0.4890258354951858,0.9521091846937456,5,0.0769230769230769,0.0919477693144722,0.125,0.1889428308361931,0.0935574229691876,0.0714285714285714,0.0568181818181818,0.0588235294117647,0.0824929971988795,0.0891316526610644,0.7136752136752137,0.0535771575232595,28,30.366936
24,2021,0,1,0.0,0,5.0,0.0,0,4,17.0,0,0.0,0.0,1.0,-0.7126807951135561,0,25,39,213.0,0,0.0,0.0,210.0,143.0,10.0,-5.400652059959029,0,0.0,10.88855852685902,1.1064503726795498,0.7645487965952671,2.1948597166360115,10,0.1080332409972299,0.0801832760595647,0.1388349514563106,0.2261964823434966,0.0873666940114848,0.0,0.08,0.072463768115942,0.0436833470057424,0.0698933552091878,0.590027700831025,0.0582934589881227,29,29.774866
174,2021,0,0,0.0,0,0.0,0.0,0,0,0.0,0,0.0,0.0,0.0,0.0,0,16,20,202.0,0,0.0,0.0,192.0,55.0,10.0,14.315364896436222,0,0.0,5.877380952380952,0.5582617591693031,0.6266379362864998,1.2760391941545044,7,0.0769230769230769,0.0753236563358179,0.077683615819209,0.1756435404532697,0.0996546620621608,0.0,0.099009900990099,0.0884955752212389,0.0498273310310804,0.0797237296497286,0.7769230769230769,0.0518194050788742,25,28.643726
176,2021,0,0,0.0,0,0.0,0.0,0,0,0.0,0,0.0,0.0,0.0,0.0,0,4,8,42.0,2,0.0,0.0,132.0,5.0,2.0,1.9433473990065977,0,0.0,0.3181818181818182,0.2424242424242424,0.5344129554655871,0.7377254324622746,1,0.2352941176470588,0.532258064516129,0.0318471337579617,0.7787476280834914,0.1448275862068965,0.6666666666666666,0.1333333333333333,0.2222222222222222,0.4057471264367815,0.2491954022988506,1.2352941176470589,0.1466957153231663,24,26.616486
158,2021,0,0,0.0,0,0.0,0.0,0,0,0.0,0,0.0,0.0,0.0,0.0,0,12,22,184.0,0,0.0,0.0,327.0,25.0,7.0,7.723724297859007,0,0.0,6.359737742877278,0.661502785639408,1.082902072640351,1.7502856293073576,9,0.0716612377850162,0.1306954436450839,0.0230840258541089,0.2120482115935915,0.0775063184498736,0.0,0.0642201834862385,0.056910569105691,0.0387531592249368,0.0620050547598989,0.5993485342019544,0.0360163969386062,24,26.6087
89,2021,0,0,0.0,0,0.0,0.0,0,3,9.0,1,0.0,0.0,1.0,0.7040680426289327,0,15,28,129.0,0,0.0,0.0,183.0,68.0,6.0,-8.17464221835365,0,0.0,6.067554179566564,0.7390937223695844,0.7176195373279399,1.6109742596839345,5,0.1435897435897435,0.1321299638989169,0.0979827089337175,0.3210885865037489,0.1003110419906687,0.0,0.0983606557377049,0.0895522388059701,0.0501555209953343,0.080248833592535,0.6615384615384615,0.0842941575428737,25,26.068895
13,2021,0,0,0.0,0,0.0,0.0,0,0,0.0,0,0.0,0.0,0.0,0.0,0,15,24,177.0,0,0.0,0.0,227.0,44.0,12.0,12.058742377809107,0,0.0,6.491953746504246,0.7321625785012512,0.8934742983085617,1.72367587656787,8,0.0919540229885057,0.1136136136136136,0.0427184466019417,0.2288219253736495,0.083965844402277,0.0,0.1224489795918367,0.110091743119266,0.0419829222011385,0.0671726755218216,0.6781609195402298,0.0467396586718504,32,25.989826
85,2021,0,0,0.0,0,0.0,0.0,0,0,0.0,0,0.0,0.0,0.0,0.0,0,16,25,184.0,0,0.0,0.0,227.0,68.0,6.0,0.1971233592485077,0,0.0,10.520300267108778,0.6246492796007215,0.6690590441116689,1.4053152502792503,9,0.0704225352112676,0.0738451528952504,0.0547945205479452,0.1647099251331018,0.0670309653916211,0.0,0.0458015267175572,0.0402684563758389,0.0335154826958105,0.0536247723132969,0.5183098591549296,0.0361800588977703,25,25.554731
213,2021,0,0,0.0,0,0.0,0.0,0,4,59.0,0,0.0,0.0,2.0,7.535544990969356,0,10,20,64.0,1,0.0,0.0,252.0,32.0,4.0,-2.8561749197512194,0,0.0,3.890046296296296,0.674931298021281,0.8098115011117791,1.579264997810167,8,0.08130081300813,0.1029832447895382,0.0415584415584415,0.2043378153438257,0.0370799536500579,0.0625,0.05,0.0520833333333333,0.0497899768250289,0.0421639629200463,0.2601626016260163,0.0400883927812561,24,25.138515
214,2021,0,0,0.0,0,0.0,0.0,0,1,-4.0,0,0.0,0.0,0.0,-1.2277511132415384,0,12,25,165.0,0,0.0,0.0,381.0,34.0,6.0,-1.5833218638767823,0,0.0,3.7013276132734254,0.7938639791580968,1.6211973456936564,2.3256341107227048,9,0.0847457627118644,0.1746905089408528,0.0338645418326693,0.2668710512204788,0.084140744518103,0.0,0.064516129032258,0.0560747663551401,0.0420703722590515,0.0673125956144824,0.559322033898305,0.040066159066929,22,24.824652
125,2021,0,0,0.0,0,0.0,0.0,0,0,0.0,0,0.0,0.0,0.0,0.0,0,13,27,157.0,0,0.0,0.0,304.0,37.0,7.0,-7.367105391012271,1,0.0,6.962950937950938,0.7718190156751277,1.2758504799559038,2.050823859481824,10,0.073170731707317,0.1268781302170283,0.0295763389288569,0.2112586017345983,0.0651722706517227,0.0,0.0583333333333333,0.0538461538461538,0.0325861353258613,0.0521378165213781,0.4254742547425474,0.038632874436866,26,24.489594
126,2021,1,1,16.0,0,13.0,3.0,0,0,0.0,0,0.0,0.0,0.0,0.0,0,10,16,87.0,1,0.0,0.0,103.0,38.0,5.0,-1.9642320835057552,0,1.2307692307692308,3.533333333333333,0.3806818181818182,0.3583504576872781,0.821868047653822,2,0.188235294117647,0.1788194444444444,0.1666666666666666,0.4254084967320262,0.1887201735357917,1.0,0.1923076923076923,0.2222222222222222,0.5943600867678959,0.3509761388286334,1.0235294117647058,0.166886195995785,26,24.295254
62,2021,0,0,0.0,0,0.0,0.0,0,2,-2.0,0,0.0,0.0,1.0,-1.420438484987244,0,9,19,160.0,0,0.0,0.0,171.0,95.0,7.0,0.2852655313326977,0,0.0,4.933566895822317,0.7132123404917522,0.8927539058466396,1.694746244830276,7,0.0867579908675799,0.1106796116504854,0.119047619047619,0.2186806756217582,0.0980392156862745,0.0,0.0875,0.0777777777777777,0.0490196078431372,0.0784313725490196,0.730593607305936,0.0415493901621766,27,24.185595
230,2021,0,0,0.0,0,0.0,0.0,0,0,0.0,0,0.0,0.0,0.0,0.0,0,17,30,138.0,0,0.0,0.0,211.0,63.0,7.0,-9.052667747649856,1,0.0,6.410147695441813,0.9014938097117682,1.0202429716152794,2.066410794698348,12,0.0704225352112676,0.0678456591639871,0.0464259395725865,0.1599103301480911,0.0521148036253776,0.0,0.0534351145038167,0.0492957746478873,0.0260574018126888,0.0416918429003021,0.323943661971831,0.0354012865345594,21,23.334461
112,2021,0,0,0.0,0,0.0,0.0,0,0,0.0,0,0.0,0.0,0.0,0.0,0,9,20,87.0,1,0.0,0.0,174.0,23.0,7.0,-5.662714003073322,0,0.0,5.738888888888889,0.7207923014988232,0.914868675899362,1.721596525377788,9,0.0769230769230769,0.0859259259259259,0.0188062142273098,0.1841253561253561,0.0368020304568527,0.0666666666666666,0.0686274509803921,0.0683760683760683,0.0517343485617597,0.0427749576988155,0.3346153846153846,0.0286142032695047,25,23.1811
221,2021,0,0,0.0,0,0.0,0.0,0,0,0.0,0,0.0,0.0,0.0,0.0,0,11,20,133.0,0,0.0,0.0,210.0,53.0,7.0,1.4085599618961409,0,0.0,6.378475292268396,0.586726950798959,0.7370501959559189,1.3960255633675815,7,0.0833333333333333,0.1097752221641401,0.067774936061381,0.212820177731312,0.0689834024896265,0.0,0.0769230769230769,0.0648148148148148,0.0344917012448132,0.0551867219917012,0.5541666666666667,0.0355616694959901,24,21.31382
184,2021,0,0,0.0,0,0.0,0.0,0,0,0.0,0,0.0,0.0,0.0,0.0,0,8,23,133.0,0,0.0,0.0,268.0,49.0,5.0,-6.652713170672055,0,0.0,7.034237752376304,0.7203534623550536,1.326750067127058,2.009255240521521,10,0.0642458100558659,0.1077603538399678,0.0399022801302931,0.1825769981557731,0.0572289156626506,0.0,0.040983606557377,0.0367647058823529,0.0286144578313253,0.0457831325301204,0.3715083798882682,0.0262295889466295,24,21.0915
17,2021,0,0,0.0,0,0.0,0.0,0,1,1.0,0,0.0,0.0,0.0,-0.4751371808815747,0,6,23,68.0,1,0.0,0.0,421.0,10.0,4.0,-9.398541503527667,0,0.0,1.70376213592233,0.7573373611483367,1.5249535972990416,2.203473559831834,7,0.1064814814814814,0.2408466819221968,0.0122399020807833,0.3523995677599796,0.0440129449838187,0.0833333333333333,0.0533333333333333,0.057471264367816,0.063673139158576,0.0518770226537216,0.3148148148148148,0.0341648590021691,29,20.832455
152,2021,0,0,0.0,0,0.0,0.0,0,1,-1.0,0,0.0,0.0,0.0,-0.9286181327188388,0,8,17,113.0,0,0.0,0.0,192.0,15.0,6.0,5.477149774771165,0,0.0,4.849104859335038,0.5548652266697379,0.7402048618910919,1.3504412433283712,8,0.0604982206405693,0.0955223880597015,0.0163755458515283,0.1671652414086152,0.059946949602122,0.0,0.0612244897959183,0.0545454545454545,0.029973474801061,0.0479575596816976,0.4021352313167259,0.0293353705118411,24,19.894371
102,2021,0,0,0.0,0,0.0,0.0,0,3,14.0,0,0.0,0.0,2.0,-0.4780338841374032,0,9,17,98.0,0,0.0,0.0,175.0,58.0,6.0,4.694028524769237,0,0.0,11.29548942106487,0.4811813809916276,0.7011511908659385,1.2125779050935983,9,0.0524691358024691,0.0755939524838013,0.0436418359668924,0.1391788656907447,0.0402629416598192,0.0,0.0472440944881889,0.0394736842105263,0.0201314708299096,0.0322103533278553,0.3024691358024691,0.0212976825590958,25,19.656952
215,2021,0,0,0.0,0,0.0,0.0,0,0,0.0,0,0.0,0.0,0.0,0.0,0,5,8,49.0,1,0.0,0.0,109.0,3.0,4.0,-4.218251272744965,0,0.0,1.3645833333333333,0.202303143479614,0.3319978182492081,0.5358531879938668,3,0.08,0.1552706552706552,0.0106761565836298,0.2442165242165242,0.0779014308426073,0.25,0.1142857142857142,0.1282051282051282,0.1639507154213036,0.1123211446740858,0.49,0.0700563976031018,24,19.582504
47,2021,0,0,0.0,0,0.0,0.0,0,1,0.0,0,0.0,0.0,0.0,-0.5280084691476077,0,7,14,110.0,0,0.0,0.0,210.0,27.0,3.0,-0.90202973821239,0,0.0,1.8843843843843844,0.4482302867383512,0.9105760775628572,1.309748684401527,5,0.0813953488372093,0.1969981238273921,0.0399408284023668,0.2796915223177276,0.0900163666121112,0.0,0.0526315789473684,0.046875,0.0450081833060556,0.072013093289689,0.6395348837209303,0.040351506456241,28,18.967186
183,2021,0,0,0.0,0,0.0,0.0,0,0,0.0,0,0.0,0.0,0.0,0.0,0,11,21,105.0,0,0.0,0.0,178.0,18.0,6.0,-12.10488196276428,0,0.0,4.269170131670132,0.5612646737646738,0.6971655495479857,1.3299128953306008,7,0.0786516853932584,0.0932425353588266,0.0232258064516129,0.1925715563769489,0.0652173913043478,0.0,0.074074074074074,0.0697674418604651,0.0326086956521739,0.0521739130434782,0.3932584269662921,0.0431553592934564,24,18.214607
211,2021,0,0,0.0,0,0.0,0.0,0,1,-3.0,0,0.0,0.0,0.0,-1.4008803889155388,0,6,11,104.0,0,0.0,0.0,74.0,71.0,3.0,-2.5148959513753653,0,0.0,1.4333333333333331,0.3035260333301949,0.1916397543914823,0.58943687806933,5,0.0625,0.0561883067577828,0.1476091476091476,0.1387006454062263,0.1203703703703703,0.0,0.073170731707317,0.0714285714285714,0.0601851851851851,0.0962962962962963,0.5909090909090909,0.0566582207207207,23,18.162724
141,2021,0,0,0.0,0,0.0,0.0,0,2,43.0,1,0.0,0.0,2.0,4.535418581974227,0,5,9,38.0,0,0.0,0.0,117.0,9.0,2.0,-5.675998245874,0,0.0,2.203418803418804,0.2082658683558117,0.4399310624727891,0.62035054626467,5,0.0434782608695652,0.0748560460652591,0.0130813953488372,0.1251022281565551,0.0265734265734265,0.0,0.0266666666666666,0.0246913580246913,0.0132867132867132,0.0212587412587412,0.1835748792270531,0.0378142941991684,24,18.136097
118,2021,0,0,0.0,0,0.0,0.0,0,0,0.0,0,0.0,0.0,0.0,0.0,0,3,4,39.0,1,0.0,0.0,45.0,21.0,3.0,0.0031128440168686,0,0.0,3.55,0.1483153412032722,0.1813689809630459,0.3494312984790405,4,0.0338983050847457,0.0485961123110151,0.0391791044776119,0.0897243474759307,0.036144578313253,0.0909090909090909,0.0666666666666666,0.0714285714285714,0.0635268346111719,0.0470974808324205,0.3305084745762712,0.0325790483887261,24,17.920969
128,2021,0,0,0.0,0,0.0,0.0,0,0,0.0,0,0.0,0.0,0.0,0.0,0,10,22,103.0,0,0.0,0.0,175.0,59.0,4.0,-9.613334177061915,0,0.0,3.5005270092226617,0.6072767467928758,0.6898597559961557,1.3938169493866226,7,0.0849420849420849,0.1056125528062764,0.0587064676616915,0.2119031696581485,0.0613460393091125,0.0,0.0465116279069767,0.0421052631578947,0.0306730196545562,0.04907683144729,0.3976833976833976,0.0327440480030969,24,17.825611
8,2021,0,0,0.0,0,0.0,0.0,0,0,0.0,0,0.0,0.0,0.0,0.0,0,4,8,41.0,1,0.0,0.0,49.0,13.0,2.0,0.0322420070879161,0,0.0,10.363636363636363,0.3554945054945054,0.2389624921616397,0.7005155027549061,5,0.0666666666666666,0.0457089552238806,0.0325814536340852,0.1365671641791044,0.0453539823008849,0.0833333333333333,0.0434782608695652,0.0517241379310344,0.0643436578171091,0.0529498525073746,0.3416666666666667,0.0350345375937981,34,17.612831
106,2021,0,0,0.0,0,0.0,0.0,0,0,0.0,0,0.0,0.0,0.0,0.0,0,6,12,25.0,1,0.0,0.0,76.0,10.0,3.0,-11.383189313637558,0,0.0,1.779503105590062,0.5156410256410257,0.4169145271204768,1.0653017074458722,3,0.1333333333333333,0.1141141141141141,0.0581395348837209,0.2912912912912913,0.0482625482625482,0.5,0.1034482758620689,0.1290322580645161,0.2741312741312741,0.1386100386100386,0.2777777777777778,0.1002627575715668,27,17.406496
155,2021,1,1,75.0,1,24.0,51.0,0,0,0.0,0,0.0,0.0,0.0,0.0,0,6,10,54.0,0,0.0,0.0,77.0,17.0,2.0,-4.6357488874928094,0,3.125,7.70952380952381,0.2903962705800273,0.3445275740852327,0.676763707729704,6,0.045662100456621,0.0517473118279569,0.024745269286754,0.1098910001472971,0.0379746835443038,0.0,0.0294117647058823,0.0266666666666666,0.0189873417721519,0.030379746835443,0.2465753424657534,0.0375066248114476,25,17.374249
14,2021,0,0,0.0,0,0.0,0.0,0,0,0.0,0,0.0,0.0,0.0,0.0,0,5,14,32.0,1,0.0,0.0,153.0,5.0,3.0,-12.496325224316571,0,0.0,3.45,0.4455061864117716,0.6359813795004501,1.1134462452679723,9,0.0388888888888888,0.0595562475671467,0.0037119524870081,0.1059783313870507,0.0138768430182133,0.0769230769230769,0.0236220472440944,0.0285714285714285,0.0453999599706451,0.026486089799186,0.0888888888888888,0.0171821305841924,30,17.098812
116,2021,0,0,0.0,0,0.0,0.0,0,2,15.0,0,0.0,0.0,1.0,0.5946283061639406,0,2,5,15.0,1,0.0,0.0,84.0,1.0,2.0,0.9303044960252008,0,0.0,1.028169014084507,0.1200941915227629,0.2571321658434366,0.36013380337455,3,0.0510204081632653,0.1142857142857142,0.0024330900243309,0.1679591836734694,0.0216763005780346,0.2,0.0526315789473684,0.0697674418604651,0.1108381502890173,0.0573410404624277,0.1530612244897959,0.0383301972262875,26,16.422035
179,2021,0,0,0.0,0,0.0,0.0,0,0,0.0,0,0.0,0.0,0.0,0.0,0,2,4,21.0,1,0.0,0.0,36.0,3.0,1.0,1.1738232796196826,0,0.0,2.75,0.161863711001642,0.2117030075000727,0.390987671752514,4,0.0380952380952381,0.0486486486486486,0.0084507042253521,0.096061776061776,0.0279627163781624,0.1428571428571428,0.025,0.0425531914893617,0.0854099296176526,0.0509416016739585,0.2,0.0274949637937605,23,16.233837
203,2021,0,0,0.0,0,0.0,0.0,0,0,0.0,0,0.0,0.0,0.0,0.0,0,5,10,74.0,0,0.0,0.0,201.0,16.0,4.0,5.076087392983027,0,0.0,1.0283531720817272,0.3275210084033613,0.7472830891854028,1.014379675034824,3,0.1052631578947368,0.223085460599334,0.050632911392405,0.3363631053215725,0.0894800483675937,0.0,0.1052631578947368,0.0952380952380952,0.0447400241837968,0.0715840386940749,0.7789473684210526,0.0441469666761606,22,15.138062
143,2021,0,0,0.0,0,0.0,0.0,0,1,7.0,0,0.0,0.0,0.0,0.3921524847391993,0,6,16,71.0,0,0.0,0.0,131.0,38.0,3.0,-5.443816471208019,0,0.0,0.8818181818181818,0.4201270582674757,0.5075619301989939,0.9854839385405092,6,0.0714285714285714,0.1006144393241167,0.0472049689440993,0.1876344086021505,0.045367412140575,0.0,0.04,0.0357142857142857,0.0226837060702875,0.03629392971246,0.3169642857142857,0.0257992148065058,24,15.1321945
173,2021,0,0,0.0,0,0.0,0.0,0,0,0.0,0,0.0,0.0,0.0,0.0,0,4,4,64.0,0,0.0,0.0,48.0,16.0,2.0,3.801862793043256,0,0.0,3.4,0.1302521008403361,0.184390243902439,0.3244513219922115,2,0.0606060606060606,0.0777957860615883,0.087431693989071,0.1531457197583615,0.1513002364066193,0.0,0.1111111111111111,0.1,0.0756501182033096,0.1210401891252955,0.9696969696969696,0.0784195445634142,25,14.462849
148,2021,0,0,0.0,0,0.0,0.0,0,0,0.0,0,0.0,0.0,0.0,0.0,0,3,4,56.0,0,0.0,0.0,60.0,26.0,3.0,2.601492775778752,0,0.0,0.9333333333333332,0.1176470588235294,0.238095238095238,0.3431372549019608,1,0.1142857142857142,0.2352941176470588,0.13,0.3596638655462185,0.1666666666666666,0.0,0.1578947368421052,0.15,0.0833333333333333,0.1333333333333333,1.6,0.0835438119292792,26,14.383732
88,2021,0,0,0.0,0,0.0,0.0,0,0,0.0,0,0.0,0.0,0.0,0.0,0,10,15,68.0,0,0.0,0.0,110.0,17.0,3.0,-1.909885386762184,0,0.0,6.91170634920635,0.4150986282115969,0.3771876390555568,0.8866792896562852,8,0.047923322683706,0.0447336315575437,0.0178947368421052,0.107671889271594,0.0298901098901098,0.0,0.0288461538461538,0.0252100840336134,0.0149450549450549,0.0239120879120879,0.2172523961661341,0.0214203748565599,28,14.151882
220,2021,0,0,0.0,0,0.0,0.0,0,1,1.0,0,0.0,0.0,0.0,-0.6940288813202642,0,9,14,83.0,0,1.0,1.0,107.0,34.0,4.0,-5.622943584632594,0,0.0,8.03348649401281,0.4237748660811788,0.4340899023488633,0.9395252307659726,9,0.0453074433656957,0.0464611376465479,0.0329776915615906,0.105130075165782,0.0403108305002428,0.0,0.0392156862745098,0.036036036036036,0.0201554152501214,0.0322486644001942,0.2686084142394822,0.0220927897168106,22,14.097382
219,2021,0,0,0.0,0,0.0,0.0,0,0,0.0,0,0.0,0.0,0.0,0.0,0,1,1,34.0,0,0.0,0.0,30.0,4.0,1.0,2.065914782579057,0,0.0,1.1333333333333333,0.037037037037037,0.1345291479820627,0.1497259591429995,1,0.0357142857142857,0.136986301369863,0.0344827586206896,0.1631604696673189,0.1382113821138211,0.0,0.0909090909090909,0.0833333333333333,0.0691056910569105,0.1105691056910569,1.2142857142857142,0.0613325899080011,21,12.93306
222,2021,0,0,0.0,0,0.0,0.0,0,1,11.0,0,0.0,0.0,1.0,0.6617195811122656,0,6,12,43.0,0,0.0,0.0,156.0,24.0,1.0,-9.377901166287083,0,0.0,1.0357142857142858,0.2880287216912869,0.4928094275017849,0.7770096817881798,7,0.0394736842105263,0.0685111989459815,0.0234604105571847,0.1140194854725747,0.0203694931312174,0.0,0.0097087378640776,0.0084033613445378,0.0101847465656087,0.0162955945049739,0.1414473684210526,0.0154400411734431,22,12.9098015
68,2021,0,0,0.0,0,0.0,0.0,0,0,0.0,0,0.0,0.0,0.0,0.0,0,5,11,52.0,0,0.0,0.0,109.0,13.0,3.0,-2.698866531817482,0,0.0,4.239177489177489,0.4074096430856313,0.5530122147500196,0.9982230149534608,7,0.0544554455445544,0.0698270339525944,0.0154028436018957,0.1375447954789072,0.0337005832793259,0.0,0.04,0.0352941176470588,0.0168502916396629,0.0269604666234607,0.2574257425742574,0.0174233883365788,27,12.879803
75,2021,0,0,0.0,0,0.0,0.0,0,1,6.0,0,0.0,0.0,0.0,0.3330631019780412,0,4,6,51.0,0,0.0,0.0,102.0,13.0,3.0,-0.5555203012190759,0,0.0,1.9660869565217391,0.166001716001716,0.340762391913287,0.4875362483418749,4,0.0419580419580419,0.0786430223592906,0.0349462365591397,0.1258514808244955,0.0473977695167286,0.0,0.06,0.0566037735849056,0.0236988847583643,0.0379182156133829,0.3566433566433566,0.0296418530741963,28,12.844349
132,2021,0,0,0.0,0,0.0,0.0,0,0,0.0,0,0.0,0.0,0.0,0.0,0,7,12,59.0,0,0.0,0.0,108.0,41.0,3.0,-3.16131397546269,0,0.0,24.465201465201464,0.4099053922950357,0.4557443680809289,0.9338791460992036,9,0.043010752688172,0.0428061831153388,0.0417515274949083,0.0987610755245291,0.0287524366471734,0.0,0.031578947368421,0.0277777777777777,0.0143762183235867,0.0230019493177387,0.2114695340501792,0.0169964952963187,25,12.836483
3,2021,0,0,0.0,0,0.0,0.0,0,3,19.0,0,0.0,0.0,0.0,0.760434927069582,0,1,2,35.0,0,0.0,0.0,29.0,16.0,1.0,-0.8368861800990999,0,0.0,1.206896551724138,0.0714285714285714,0.1155378486055776,0.1880193511667615,5,0.0112359550561797,0.0235008103727714,0.0212201591511936,0.0356545808824868,0.0243393602225312,0.0,0.0138888888888888,0.0120481927710843,0.0121696801112656,0.019471488178025,0.196629213483146,0.0228816061411278,33,12.833881
53,2021,0,0,0.0,0,0.0,0.0,0,0,0.0,0,0.0,0.0,0.0,0.0,0,3,4,55.0,0,0.0,0.0,33.0,30.0,2.0,1.9176059016608635,0,0.0,6.558441558441558,0.1114579344136733,0.1014488435174769,0.2382010920827439,4,0.0264900662251655,0.0236051502145922,0.0769230769230769,0.0586192195094221,0.0584484590860786,0.0,0.0526315789473684,0.0512820512820512,0.0292242295430393,0.0467587672688629,0.3642384105960264,0.030759209669248,29,12.388622
234,2021,0,0,0.0,0,0.0,0.0,0,1,11.0,0,0.0,0.0,1.0,0.9566852189600468,0,4,8,45.0,0,0.0,0.0,40.0,24.0,2.0,-3.602814701367114,0,0.0,17.345238095238095,0.2493506493506493,0.1803249998109694,0.5002534738936526,4,0.0615384615384615,0.0439077936333699,0.0458015267175572,0.1274339272143882,0.0528169014084507,0.0,0.0454545454545454,0.0392156862745098,0.0264084507042253,0.0422535211267605,0.3461538461538461,0.0293326814959667,22,11.929897
67,2021,0,0,0.0,0,0.0,0.0,0,1,3.0,0,0.0,0.0,0.0,-0.194386996794492,0,4,11,33.0,0,0.0,0.0,79.0,7.0,1.0,-10.620481441050323,0,0.0,2.375,0.4390886316444907,0.5445923791788876,1.0398476128919572,6,0.0544554455445544,0.0567121320890165,0.0147679324894514,0.1270528739880448,0.0365448504983388,0.0,0.02,0.0185185185185185,0.0182724252491694,0.0292358803986711,0.1633663366336633,0.0237559389847461,26,11.389164
72,2021,0,0,0.0,0,0.0,0.0,0,4,11.0,0,0.0,0.0,0.0,-1.8985257140424137,0,6,9,27.0,0,0.0,0.0,21.0,40.0,4.0,-0.0446163640590384,0,0.0,0.0,0.2689535237598365,0.0338573322136315,0.4271304181892969,5,0.0520231213872832,0.0146648044692737,0.0689655172413793,0.0897665256563438,0.023851590106007,0.0,0.0677966101694915,0.0606060606060606,0.0119257950530035,0.0190812720848056,0.1560693641618497,0.0232128476005495,25,11.3721695
23,2021,0,0,0.0,0,0.0,0.0,0,0,0.0,0,0.0,0.0,0.0,0.0,0,4,8,38.0,0,0.0,0.0,67.0,12.0,3.0,-4.782851389725693,0,0.0,4.545454545454545,0.2428225198483819,0.2526025560032272,0.541055568974832,7,0.0307692307692307,0.02960671674768,0.0148514851485148,0.0698392195519902,0.0201271186440677,0.0,0.0394736842105263,0.0352941176470588,0.0100635593220338,0.0161016949152542,0.1461538461538461,0.0131286608765905,29,11.162041
115,2021,0,0,0.0,0,0.0,0.0,0,0,0.0,0,0.0,0.0,0.0,0.0,0,0,0,0.0,0,0.0,0.0,0.0,0.0,0.0,0.0,0,0.0,0.0,0.0,0.0,0.0,1,0.0,0.0,0.0,0.0,0.0,0.0,0.0,0.0,0.0,0.0,0.0,0.0745526838966202,26,11.155117
199,2021,0,0,0.0,0,0.0,0.0,0,0,0.0,0,0.0,0.0,0.0,0.0,0,3,3,30.0,0,0.0,0.0,18.0,12.0,1.0,1.762588310695719,0,0.0,1.6666666666666667,0.0652173913043478,0.0486486486486486,0.1318801410105757,1,0.0638297872340425,0.0494505494505494,0.0944881889763779,0.1353051204115034,0.0890207715133531,0.0,0.05,0.0476190476190476,0.0445103857566765,0.0712166172106825,0.6382978723404256,0.0604960677555958,24,10.993904
142,2021,0,0,0.0,0,0.0,0.0,0,0,0.0,0,0.0,0.0,0.0,0.0,0,2,5,34.0,0,0.0,0.0,86.0,5.0,1.0,-1.706758976506535,0,0.0,1.2298136645962732,0.1691810344827586,0.4820186818889466,0.5911846290464005,2,0.081967213114754,0.2155388471177944,0.0166666666666666,0.2953818973663668,0.0702479338842975,0.0,0.05,0.0434782608695652,0.0351239669421487,0.056198347107438,0.5573770491803278,0.0338642919854509,26,10.978416
35,2021,0,0,0.0,0,0.0,0.0,0,0,0.0,0,0.0,0.0,0.0,0.0,0,1,5,38.0,0,0.0,0.0,158.0,9.0,1.0,-1.2480545353610069,0,0.0,1.3103448275862069,0.1482142857142857,0.5747345619828841,0.6246356219594474,3,0.0454545454545454,0.1929181929181929,0.024,0.2225163725163725,0.0509383378016085,0.0,0.0277777777777777,0.024390243902439,0.0254691689008042,0.0407506702412868,0.3454545454545454,0.0184871360345093,29,10.737137
161,2021,0,0,0.0,0,0.0,0.0,0,1,9.0,0,0.0,0.0,0.0,0.7659604288637638,0,2,3,31.0,0,0.0,0.0,29.0,14.0,2.0,1.6776933936052956,0,0.0,3.942307692307693,0.078030303030303,0.0794647605419538,0.1726707869248222,4,0.0197368421052631,0.0210144927536231,0.0253164556962025,0.0464168573607932,0.0270742358078602,0.0,0.037037037037037,0.032258064516129,0.0135371179039301,0.0216593886462882,0.2039473684210526,0.0134168157423971,25,10.690678
156,2021,0,0,0.0,0,0.0,0.0,0,0,0.0,0,0.0,0.0,0.0,0.0,0,8,13,58.0,0,2.0,1.0,75.0,31.0,5.0,-1.6387730676215142,0,0.0,3.8277777777777775,0.3664317339839161,0.4395120864294486,0.8573060614764881,5,0.0726256983240223,0.0680580762250453,0.0446043165467625,0.1633850084660698,0.0470397404703974,0.0,0.0694444444444444,0.0588235294117647,0.0235198702351987,0.0376317923763179,0.3240223463687151,0.0227878413348267,25,10.636173
170,2021,0,0,0.0,0,0.0,0.0,0,0,0.0,0,0.0,0.0,0.0,0.0,0,5,6,33.0,0,0.0,0.0,38.0,14.0,3.0,2.2627104824059643,0,0.0,3.9743589743589753,0.145911330049261,0.1671195970129998,0.3358507129829915,3,0.0476190476190476,0.0522696011004126,0.0316742081447963,0.1132442523089015,0.0431372549019607,0.0,0.073170731707317,0.0666666666666666,0.0215686274509803,0.0345098039215686,0.2619047619047619,0.0326386158081006,23,10.385876
151,2021,0,0,0.0,0,0.0,0.0,0,1,24.0,0,0.0,0.0,1.0,1.4659277095925063,0,3,3,15.0,0,0.0,0.0,-16.0,31.0,0.0,-0.3387913668411784,0,0.0,0.0,0.0783090783090783,-0.060237344149016,0.0752974765593062,2,0.0384615384615384,-0.0262295081967213,0.1215686274509803,0.0367087011349306,0.0285171102661596,0.0,0.0,0.0,0.0142585551330798,0.0228136882129277,0.1923076923076923,0.0368707919204873,23,10.3822975
100,2021,0,0,0.0,0,0.0,0.0,0,0,0.0,0,0.0,0.0,0.0,0.0,0,4,9,25.0,0,0.0,0.0,58.0,2.0,2.0,-4.044391768111382,0,0.0,2.592857142857143,0.257805202563267,0.2212687722805474,0.5415959444412838,6,0.0428571428571428,0.037037037037037,0.0037243947858473,0.0939153439153439,0.0173611111111111,0.0,0.0289855072463768,0.0263157894736842,0.0086805555555555,0.0138888888888888,0.119047619047619,0.0144348212302909,25,10.349255
69,2021,0,0,0.0,0,0.0,0.0,0,0,0.0,0,0.0,0.0,0.0,0.0,0,4,8,26.0,0,0.0,0.0,131.0,10.0,3.0,-0.7491006796481088,1,0.0,0.7652892561983471,0.1943262411347517,0.3740793537657401,0.5533449093381457,2,0.1012658227848101,0.2109500805152979,0.0757575757575757,0.3206587985894535,0.0628019323671497,0.0,0.1304347826086956,0.12,0.0314009661835748,0.0502415458937198,0.3291139240506329,0.0534958945011196,27,10.077343
81,2021,0,0,0.0,0,0.0,0.0,0,0,0.0,0,0.0,0.0,0.0,0.0,0,2,5,24.0,0,0.0,0.0,62.0,8.0,1.0,-0.5244607966160402,0,0.0,3.0545454545454547,0.133115468409586,0.2025889028752691,0.3414854346270675,5,0.0238095238095238,0.0383900928792569,0.0102695763799743,0.0664263600176912,0.0169851380042462,0.0,0.0133333333333333,0.0117647058823529,0.0084925690021231,0.013588110403397,0.1142857142857142,0.0088903257092055,26,9.85038
207,2021,0,0,0.0,0,0.0,0.0,0,0,0.0,0,0.0,0.0,0.0,0.0,0,2,3,26.0,0,0.0,0.0,54.0,0.0,2.0,4.277141111512052,0,0.0,1.0,0.0857142857142857,0.2413672828740844,0.2975285265832876,2,0.0405405405405405,0.1075697211155378,0.0,0.1468665877032411,0.0497131931166348,0.0,0.074074074074074,0.0666666666666666,0.0248565965583174,0.0397705544933078,0.3513513513513513,0.0269921370731134,24,9.849876
73,2021,0,0,0.0,0,0.0,0.0,0,0,0.0,0,0.0,0.0,0.0,0.0,0,2,3,41.0,0,0.0,0.0,39.0,7.0,2.0,4.142491481499746,0,0.0,1.051282051282051,0.1034482758620689,0.2378048780487804,0.3216358284272498,1,0.1034482758620689,0.2378048780487804,0.0642201834862385,0.3454163162321279,0.3014705882352941,0.0,0.5,0.4,0.150735294117647,0.2411764705882353,1.4137931034482758,0.1174432036965729,27,9.808411
39,2021,0,0,0.0,0,0.0,0.0,0,0,0.0,0,0.0,0.0,0.0,0.0,0,2,6,28.0,0,0.0,0.0,86.0,7.0,2.0,-0.4224363178364001,0,0.0,1.643939393939394,0.1486946449255992,0.2656405123831353,0.4089903260565934,4,0.0346820809248554,0.060181945416375,0.0149572649572649,0.1001686777203833,0.0254545454545454,0.0,0.0307692307692307,0.0266666666666666,0.0127272727272727,0.0203636363636363,0.1618497109826589,0.0109215017064846,29,9.79002
140,2021,0,0,0.0,0,0.0,0.0,0,0,0.0,0,0.0,0.0,0.0,0.0,0,2,5,36.0,0,0.0,0.0,41.0,29.0,2.0,-3.3505652281455696,0,0.0,11.1,0.1661963136079019,0.1869049736955803,0.3801279519987591,3,0.0561797752808988,0.0568654646324549,0.1208333333333333,0.1297620346273122,0.0775862068965517,0.0,0.0769230769230769,0.0714285714285714,0.0387931034482758,0.0620689655172413,0.4044943820224719,0.0266844563042027,25,9.547321
133,2021,0,0,0.0,0,0.0,0.0,0,0,0.0,0,0.0,0.0,0.0,0.0,0,3,6,36.0,0,0.0,0.0,39.0,15.0,2.0,-2.6614067054595005,0,0.0,0.9230769230769232,0.15,0.1308724832214765,0.3166107382550335,1,0.1428571428571428,0.1278688524590163,0.1376146788990825,0.3165807962529274,0.1782178217821782,0.0,0.2222222222222222,0.2222222222222222,0.0,0.0,0.8571428571428571,0.1198257080610021,25,9.255417
216,2021,0,0,0.0,0,0.0,0.0,0,0,0.0,0,0.0,0.0,0.0,0.0,0,2,6,23.0,0,0.0,0.0,38.0,14.0,1.0,-2.7527126162312925,0,0.0,7.25,0.1678361053361053,0.1376288533920093,0.3480943553785645,4,0.0416666666666666,0.0351851851851851,0.0425531914893617,0.0906481481481481,0.0278787878787878,0.0,0.0238095238095238,0.0212765957446808,0.0139393939393939,0.0223030303030303,0.1597222222222222,0.0132145052243392,22,9.0602455
144,2021,0,0,0.0,0,0.0,0.0,0,0,0.0,0,0.0,0.0,0.0,0.0,0,2,6,17.0,0,0.0,0.0,58.0,2.0,1.0,-2.9543511403899174,0,0.0,2.666666666666667,0.2456023651145602,0.4416633444604454,0.6775678887941521,4,0.05,0.0789115646258503,0.0077519379844961,0.1381292517006803,0.0366379310344827,0.0,0.04,0.0357142857142857,0.0183189655172413,0.0293103448275862,0.1416666666666666,0.0191551045765168,25,8.938763
77,2021,0,0,0.0,0,0.0,0.0,0,0,0.0,0,0.0,0.0,0.0,0.0,0,4,7,33.0,0,0.0,0.0,72.0,17.0,4.0,-1.7773421431193128,0,0.0,3.061006289308176,0.2863095238095238,0.3859920117712637,0.6996586939541702,3,0.0833333333333333,0.1451612903225806,0.0739130434782608,0.2411290322580645,0.0755148741418764,0.0,0.1666666666666666,0.16,0.0377574370709382,0.0604118993135011,0.3928571428571428,0.0383242335153296,28,8.8725395
224,2021,0,0,0.0,0,0.0,0.0,0,0,0.0,0,0.0,0.0,0.0,0.0,0,2,5,23.0,0,0.0,0.0,36.0,15.0,1.0,-9.422695572604423,0,0.0,2.316666666666667,0.1283988957902001,0.1303609341825902,0.2838509976131134,3,0.040983606557377,0.0436893203883495,0.0344827586206896,0.0964268661467451,0.0267441860465116,0.0,0.0227272727272727,0.0212765957446808,0.0133720930232558,0.0213953488372093,0.1885245901639344,0.0156534401164907,22,8.804932
149,2021,0,0,0.0,0,0.0,0.0,0,0,0.0,0,0.0,0.0,0.0,0.0,0,2,5,16.0,0,0.0,0.0,102.0,9.0,1.0,-3.6356850985321216,0,0.0,0.3225806451612903,0.1342191142191142,0.3694379765244714,0.4599352548958012,4,0.0308641975308641,0.0777439024390243,0.0221130221130221,0.1084914182475158,0.0179372197309417,0.0,0.0227272727272727,0.0204081632653061,0.0089686098654708,0.0143497757847533,0.0987654320987654,0.0114256696711946,25,8.792545
104,2021,0,0,0.0,0,0.0,0.0,0,0,0.0,0,0.0,0.0,0.0,0.0,0,3,7,17.0,0,0.0,0.0,55.0,16.0,1.0,-0.8913638396188617,0,0.0,0.3469387755102041,0.1970551378446115,0.1930334207043272,0.4307061012599463,3,0.0654205607476635,0.0795947901591895,0.0509554140127388,0.1618066732488469,0.0344827586206896,0.0,0.04,0.037037037037037,0.0172413793103448,0.0275862068965517,0.1588785046728972,0.0254163962794722,27,8.688519
150,2021,0,0,0.0,0,0.0,0.0,0,0,0.0,0,0.0,0.0,0.0,0.0,0,2,3,14.0,0,0.0,0.0,30.0,8.0,1.0,-0.4294887233118061,0,0.0,0.4666666666666667,0.0909090909090909,0.0906344410876132,0.1998077451249656,1,0.0857142857142857,0.0895522388059701,0.0941176470588235,0.2002132196162047,0.0696517412935323,0.0,0.1111111111111111,0.1111111111111111,0.0,0.0,0.4,0.0732127476313522,26,8.356762
145,2021,0,0,0.0,0,0.0,0.0,0,1,3.0,0,0.0,0.0,0.0,-0.1719010972883552,0,2,4,11.0,0,0.0,0.0,32.0,20.0,0.0,-1.1837685892824084,0,0.0,4.0,0.1463464696223317,0.1836236933797909,0.3480562897993512,3,0.0481927710843373,0.0565371024734982,0.0699300699300699,0.1175188386053046,0.0232067510548523,0.0,0.0,0.0,0.0116033755274261,0.0185654008438818,0.1325301204819277,0.0153874004344677,25,8.26646
134,2021,0,0,0.0,0,0.0,0.0,0,0,0.0,0,0.0,0.0,0.0,0.0,0,1,3,17.0,0,0.0,0.0,14.0,13.0,1.0,-4.320512734120712,0,0.0,4.25,0.0977564102564102,0.0926708949964763,0.2115042418821489,2,0.0394736842105263,0.034313725490196,0.0433333333333333,0.0866615067079463,0.04,0.0,0.0454545454545454,0.0434782608695652,0.02,0.032,0.2236842105263158,0.0217391304347826,25,8.188889
153,2021,0,0,0.0,0,0.0,0.0,0,0,0.0,0,0.0,0.0,0.0,0.0,0,1,1,13.0,0,0.0,0.0,6.0,7.0,1.0,0.8104088391410187,0,0.0,2.1666666666666665,0.0208333333333333,0.0189873417721519,0.0445411392405063,1,0.02,0.017910447761194,0.0411764705882352,0.0443283582089552,0.0415335463258785,0.0,0.0625,0.0588235294117647,0.0207667731629392,0.0332268370607028,0.26,0.0251861585632939,25,7.985752
165,2021,0,0,0.0,0,0.0,0.0,0,0,0.0,0,0.0,0.0,0.0,0.0,0,1,1,6.0,0,0.0,0.0,6.0,0.0,0.0,0.0853082651738077,0,0.0,1.0,0.037037037037037,0.0335195530726257,0.0790192427063935,1,0.037037037037037,0.0335195530726257,0.0,0.0823711980136561,0.0359281437125748,0.0,0.0,0.0,0.0179640718562874,0.0287425149700598,0.2222222222222222,0.0188058298072402,25,7.9847603
167,2021,0,0,0.0,0,0.0,0.0,0,0,0.0,0,0.0,0.0,0.0,0.0,0,1,3,13.0,0,0.0,0.0,56.0,6.0,1.0,-0.2178100550081581,0,0.0,0.2321428571428571,0.075,0.1477572559366754,0.2159300791556728,1,0.0697674418604651,0.1435897435897435,0.0769230769230769,0.2195229576624925,0.0532786885245901,0.0,0.0625,0.0588235294117647,0.026639344262295,0.0426229508196721,0.3023255813953488,0.0315673895141367,24,7.937847
46,2021,0,0,0.0,0,0.0,0.0,0,0,0.0,0,0.0,0.0,0.0,0.0,0,2,3,14.0,0,0.0,0.0,13.0,8.0,1.0,0.7994729118198178,0,0.0,1.0769230769230769,0.0535714285714285,0.0372492836676217,0.106431641424478,1,0.0526315789473684,0.037037037037037,0.0421052631578947,0.1085769980506822,0.0414201183431952,0.0,0.0526315789473684,0.0454545454545454,0.0207100591715976,0.0331360946745562,0.2456140350877192,0.0244745177080334,29,7.8832855
225,2021,0,0,0.0,0,0.0,0.0,0,0,0.0,0,0.0,0.0,0.0,0.0,0,2,2,11.0,0,0.0,0.0,11.0,0.0,1.0,-0.3376889335922897,0,0.0,1.0,0.0476190476190476,0.03886925795053,0.0986370519939424,1,0.0465116279069767,0.03886925795053,0.0,0.1008628482208891,0.0502283105022831,0.0,0.1,0.0833333333333333,0.0251141552511415,0.0401826484018264,0.2558139534883721,0.0357719824601892,25,7.873081
63,2021,0,0,0.0,0,0.0,0.0,0,0,0.0,0,0.0,0.0,0.0,0.0,0,2,3,10.0,0,0.0,0.0,58.0,3.0,1.0,0.5903129952494055,0,0.0,1.4285714285714286,0.0984555984555984,0.2303976217019695,0.3089617328747763,2,0.0441176470588235,0.1280353200883002,0.0147058823529411,0.1686047266588754,0.0273224043715847,0.0,0.0625,0.0625,0.0,0.0,0.1470588235294117,0.0325591491209029,27,7.866394
229,2021,0,0,0.0,0,0.0,0.0,0,0,0.0,0,0.0,0.0,0.0,0.0,0,1,4,14.0,0,0.0,0.0,83.0,11.0,1.0,-3.1446534376009367,0,0.0,0.28,0.1611111111111111,0.3880678708264915,0.5133141762452107,2,0.08,0.1832229580573951,0.0575916230366492,0.2665783664459161,0.0426829268292682,0.0,0.0588235294117647,0.0588235294117647,0.0,0.0,0.28,0.027643400138217,24,7.8569374
66,2021,0,0,0.0,0,0.0,0.0,0,0,0.0,0,0.0,0.0,0.0,0.0,0,1,1,10.0,0,0.0,0.0,5.0,5.0,1.0,1.1529732060153035,0,0.0,2.0,0.0454545454545454,0.0303030303030303,0.0893939393939393,1,0.0416666666666666,0.0279329608938547,0.0657894736842105,0.0848463687150838,0.0465116279069767,0.0,0.1,0.0909090909090909,0.0232558139534883,0.0372093023255813,0.4166666666666667,0.029940119760479,28,7.8556175
107,2021,0,0,0.0,0,0.0,0.0,0,0,0.0,0,0.0,0.0,0.0,0.0,0,1,1,5.0,0,0.0,0.0,5.0,0.0,0.0,-0.1689153602346778,0,0.0,1.0,0.0384615384615384,0.0261780104712041,0.0760169150221506,1,0.0384615384615384,0.0261780104712041,0.0,0.078634716069271,0.0333333333333333,0.0,0.0,0.0,0.0166666666666666,0.0266666666666666,0.1923076923076923,0.0185643564356435,24,7.817524
172,2021,0,0,0.0,0,0.0,0.0,0,0,0.0,0,0.0,0.0,0.0,0.0,0,1,1,5.0,0,0.0,0.0,-4.0,9.0,0.0,-0.5092749386094511,0,0.0,0.0,0.0476190476190476,-0.0434782608695652,0.0409937888198757,1,0.0476190476190476,-0.0434782608695652,0.075,0.0366459627329192,0.0285714285714285,0.0,0.0,0.0,0.0,0.0,0.238095238095238,0.0192802056555269,25,7.2984314
28,2021,0,0,0.0,0,0.0,0.0,0,0,0.0,0,0.0,0.0,0.0,0.0,0,1,4,-3.0,0,0.0,0.0,9.0,0.0,0.0,-3.410681068256963,0,0.0,0.0,0.1372651222651222,0.0421294655165622,0.235388309259277,4,0.032,0.0082796688132474,0.0,0.0546237350505979,-0.0034090909090909,0.0,0.0,0.0,-0.0017045454545454,-0.0027272727272727,-0.024,0.0021289537712895,29,7.1916733
25,2021,0,0,0.0,0,0.0,0.0,0,0,0.0,0,0.0,0.0,0.0,0.0,0,0,3,0.0,0,0.0,0.0,93.0,0.0,0.0,-5.6706744490657,0,0.0,0.0,0.0973069105691056,0.4328812363495078,0.4489772312983141,3,0.03,0.12109375,0.0,0.141875,0.0,0.0,0.0,0.0,0.0,0.0,0.0,0.0,31,6.8747444
169,2021,0,0,0.0,0,0.0,0.0,0,1,3.0,0,0.0,0.0,0.0,-0.2804734657984227,0,0,0,0.0,0,0.0,0.0,0.0,0.0,0.0,0.0,0,0.0,0.0,0.0,0.0,0.0,1,0.0,0.0,0.0,0.0,0.0,0.0,0.0,0.0,0.0,0.0,0.0,0.0029143190207888,23,6.8351784
218,2021,0,0,0.0,0,0.0,0.0,0,0,0.0,0,0.0,0.0,0.0,0.0,0,2,6,8.0,0,1.0,1.0,67.0,9.0,0.0,-6.968731027736794,0,0.0,0.1666666666666666,0.2009615384615384,0.3438870210894398,0.5421632224549155,5,0.0394736842105263,0.0593971631205673,0.0188284518828451,0.1067282568122433,0.0077145612343297,0.0,0.0,0.0,0.0038572806171648,0.0061716489874638,0.0526315789473684,0.0019376089905057,22,6.768749
10,2021,0,0,0.0,0,0.0,0.0,0,0,0.0,0,0.0,0.0,0.0,0.0,0,0,5,0.0,0,0.0,0.0,141.0,0.0,0.0,-9.597965894034132,0,0.0,0.0,0.1654198841698841,0.4869844441273012,0.589018937143937,3,0.0485436893203883,0.1540983606557377,0.0,0.1960942225051727,0.0,0.0,0.0,0.0,0.0,0.0,0.0,0.0,32,6.60783
59,2021,0,0,0.0,0,0.0,0.0,0,0,0.0,0,0.0,0.0,0.0,0.0,0,1,2,7.0,0,0.0,0.0,6.0,11.0,1.0,0.2535305514466017,0,0.0,1.1666666666666667,0.0769230769230769,0.0304568527918781,0.1367044123389301,1,0.0769230769230769,0.0304568527918781,0.1,0.1397500976181179,0.0353535353535353,0.0,0.1,0.0909090909090909,0.0176767676767676,0.0282828282828282,0.2692307692307692,0.0268477574226152,29,6.5329285
157,2021,0,0,0.0,0,0.0,0.0,0,1,-3.0,0,0.0,0.0,0.0,-3.791856221854687,0,0,0,0.0,0,0.0,0.0,0.0,0.0,0.0,0.0,0,0.0,0.0,0.0,0.0,0.0,1,0.0,0.0,0.0,0.0,0.0,0.0,0.0,0.0,0.0,0.0,0.0,-0.0070060719290051,25,6.3777924
190,2021,0,0,0.0,0,0.0,0.0,0,0,0.0,0,0.0,0.0,0.0,0.0,0,0,1,0.0,0,0.0,0.0,22.0,0.0,0.0,-0.8571832496672869,0,0.0,0.0,0.027027027027027,0.0652818991097922,0.0862378699173951,1,0.0256410256410256,0.0635838150289017,0.0,0.0893285904846598,0.0,0.0,0.0,0.0,0.0,0.0,0.0,0.0,23,6.338585
114,2021,0,0,0.0,0,0.0,0.0,0,0,0.0,0,0.0,0.0,0.0,0.0,0,0,1,0.0,0,0.0,0.0,18.0,0.0,0.0,-0.4428459401824511,0,0.0,0.0,0.025,0.0604026845637583,0.0797818791946308,1,0.0238095238095238,0.0590163934426229,0.0,0.082927400468384,0.0,0.0,0.0,0.0,0.0,0.0,0.0,0.0,25,6.3285484
96,2021,0,0,0.0,0,0.0,0.0,0,0,0.0,0,0.0,0.0,0.0,0.0,0,0,1,0.0,0,0.0,0.0,15.0,0.0,0.0,-0.815943880006671,0,0.0,0.0,0.025,0.0666666666666666,0.0841666666666666,1,0.024390243902439,0.0641025641025641,0.0,0.0878674171357098,0.0,0.0,0.0,0.0,0.0,0.0,0.0,0.0,27,6.267269
206,2021,0,0,0.0,0,0.0,0.0,0,0,0.0,0,0.0,0.0,0.0,0.0,0,0,1,0.0,0,0.0,0.0,5.0,0.0,0.0,-0.6472259720321745,0,0.0,0.0,0.03125,0.028735632183908,0.0669899425287356,1,0.0303030303030303,0.028735632183908,0.0,0.0684430512016718,0.0,0.0,0.0,0.0,0.0,0.0,0.0,0.0,24,6.2619896
41,2021,0,0,0.0,0,0.0,0.0,0,0,0.0,0,0.0,0.0,0.0,0.0,0,0,1,0.0,0,0.0,0.0,19.0,0.0,0.0,-4.469863481936045,0,0.0,0.0,0.02,0.0453460620525059,0.0617422434367541,1,0.0196078431372549,0.0461165048543689,0.0,0.0663049685893775,0.0,0.0,0.0,0.0,0.0,0.0,0.0,0.0,29,6.1131477
84,2021,0,0,0.0,0,0.0,0.0,0,0,0.0,0,0.0,0.0,0.0,0.0,0,0,2,0.0,0,0.0,0.0,28.0,0.0,0.0,-0.9738130733603612,0,0.0,0.0,0.0571428571428571,0.0897435897435897,0.1485347985347985,1,0.0526315789473684,0.0833333333333333,0.0,0.1456140350877193,0.0,0.0,0.0,0.0,0.0,0.0,0.0,0.0,26,6.0924263
54,2021,0,0,0.0,0,0.0,0.0,0,0,0.0,0,0.0,0.0,0.0,0.0,0,0,2,0.0,0,0.0,0.0,20.0,0.0,0.0,-1.2163728820083397,0,0.0,0.0,0.0625,0.1418439716312056,0.1930407801418439,1,0.054054054054054,0.1418439716312056,0.0,0.1945562583860456,0.0,0.0,0.0,0.0,0.0,0.0,0.0,0.0,27,6.0714035
208,2021,0,0,0.0,0,0.0,0.0,0,0,0.0,0,0.0,0.0,0.0,0.0,0,1,2,10.0,0,0.0,0.0,18.0,0.0,1.0,1.0964359322097152,0,0.0,0.5555555555555556,0.1052631578947368,0.144,0.2586947368421052,1,0.1,0.1323529411764706,0.0,0.2558823529411765,0.1149425287356321,0.0,0.3333333333333333,0.25,0.057471264367816,0.0919540229885057,0.5,0.0588581518540317,23,6.043747
